household_type,income_group,year,all_means_tested_transfers,medicaid,snap,ssi,other_transfers
all_households,all_quintiles,1979,100.0,100.0,100.0,100.0,100.0
all_households,all_quintiles,1980,100.0,100.0,100.0,100.0,100.0
all_households,all_quintiles,1981,100.0,100.0,100.0,100.0,100.0
all_households,all_quintiles,1982,100.0,100.0,100.0,100.0,100.0
all_households,all_quintiles,1983,100.0,100.0,100.0,100.0,100.0
all_households,all_quintiles,1984,100.0,100.0,100.0,100.0,100.0
all_households,all_quintiles,1985,100.0,100.0,100.0,100.0,100.0
all_households,all_quintiles,1986,100.0,100.0,100.0,100.0,100.0
all_households,all_quintiles,1987,100.0,100.0,100.0,100.0,100.0
all_households,all_quintiles,1988,100.0,100.0,100.0,100.0,100.0
all_households,all_quintiles,1989,100.0,100.0,100.0,100.0,100.0
all_households,all_quintiles,1990,100.0,100.0,100.0,100.0,100.0
all_households,all_quintiles,1991,100.0,100.0,100.0,100.0,100.0
all_households,all_quintiles,1992,100.0,100.0,100.0,100.0,100.0
all_households,all_quintiles,1993,100.0,100.0,100.0,100.0,100.0
all_households,all_quintiles,1994,100.0,100.0,100.0,100.0,100.0
all_households,all_quintiles,1995,100.0,100.0,100.0,100.0,100.0
all_households,all_quintiles,1996,100.0,100.0,100.0,100.0,100.0
all_households,all_quintiles,1997,100.0,100.0,100.0,100.0,100.0
all_households,all_quintiles,1998,100.0,100.0,100.0,100.0,100.0
all_households,all_quintiles,1999,100.0,100.0,100.0,100.0,100.0
all_households,all_quintiles,2000,100.0,100.0,100.0,100.0,100.0
all_households,all_quintiles,2001,100.0,100.0,100.0,100.0,100.0
all_households,all_quintiles,2002,100.0,100.0,100.0,100.0,100.0
all_households,all_quintiles,2003,100.0,100.0,100.0,100.0,100.0
all_households,all_quintiles,2004,100.0,100.0,100.0,100.0,100.0
all_households,all_quintiles,2005,100.0,100.0,100.0,100.0,100.0
all_households,all_quintiles,2006,100.0,100.0,100.0,100.0,100.0
all_households,all_quintiles,2007,100.0,100.0,100.0,100.0,100.0
all_households,all_quintiles,2008,100.0,100.0,100.0,100.0,100.0
all_households,all_quintiles,2009,100.0,100.0,100.0,100.0,100.0
all_households,all_quintiles,2010,100.0,100.0,100.0,100.0,100.0
all_households,all_quintiles,2011,100.0,100.0,100.0,100.0,100.0
all_households,all_quintiles,2012,100.0,100.0,100.0,100.0,100.0
all_households,all_quintiles,2013,100.0,100.0,100.0,100.0,100.0
all_households,all_quintiles,2014,100.0,100.0,100.0,100.0,100.0
all_households,lowest_quintile,1979,73.6,71.3,79.5,71.7,73.8
all_households,lowest_quintile,1980,73.8,72.3,78.5,73.0,73.0
all_households,lowest_quintile,1981,72.7,70.2,76.5,71.2,73.5
all_households,lowest_quintile,1982,75.0,71.5,81.5,70.4,76.7
all_households,lowest_quintile,1983,75.5,73.4,80.8,68.9,77.3
all_households,lowest_quintile,1984,74.2,73.1,78.5,67.8,76.0
all_households,lowest_quintile,1985,75.2,73.3,80.9,68.1,77.5
all_households,lowest_quintile,1986,74.6,72.0,83.7,64.8,77.6
all_households,lowest_quintile,1987,75.7,72.6,85.5,67.6,78.8
all_households,lowest_quintile,1988,75.1,71.1,84.8,69.8,78.2
all_households,lowest_quintile,1989,73.7,70.9,83.6,63.1,78.3
all_households,lowest_quintile,1990,72.4,69.2,81.8,61.2,77.9
all_households,lowest_quintile,1991,70.5,67.3,79.0,61.0,76.0
all_households,lowest_quintile,1992,67.5,64.2,74.3,59.8,74.4
all_households,lowest_quintile,1993,67.0,63.1,74.4,60.5,74.3
all_households,lowest_quintile,1994,65.8,59.8,75.3,63.5,73.9
all_households,lowest_quintile,1995,64.0,57.7,74.4,63.1,72.7
all_households,lowest_quintile,1996,64.4,58.4,74.4,65.3,72.2
all_households,lowest_quintile,1997,63.4,57.6,74.8,64.0,73.5
all_households,lowest_quintile,1998,62.0,56.0,77.3,64.4,72.6
all_households,lowest_quintile,1999,60.6,55.0,77.6,63.1,72.7
all_households,lowest_quintile,2000,58.9,54.2,75.4,63.2,68.5
all_households,lowest_quintile,2001,58.6,53.8,76.5,64.5,68.4
all_households,lowest_quintile,2002,56.5,52.0,73.9,61.7,67.6
all_households,lowest_quintile,2003,55.4,50.6,73.9,61.0,67.7
all_households,lowest_quintile,2004,53.8,49.2,72.2,58.5,67.3
all_households,lowest_quintile,2005,54.3,49.2,72.5,59.7,67.7
all_households,lowest_quintile,2006,52.7,48.1,73.7,58.7,56.7
all_households,lowest_quintile,2007,52.1,47.6,72.6,58.8,55.8
all_households,lowest_quintile,2008,50.9,46.3,70.3,56.8,55.9
all_households,lowest_quintile,2009,50.1,45.1,67.5,57.2,52.7
all_households,lowest_quintile,2010,50.1,45.3,63.6,58.8,51.8
all_households,lowest_quintile,2011,49.8,44.6,64.2,56.7,52.5
all_households,lowest_quintile,2012,50.2,45.0,65.4,57.9,51.1
all_households,lowest_quintile,2013,50.4,45.5,64.0,62.0,49.6
all_households,lowest_quintile,2014,47.9,43.9,63.2,58.0,49.4
all_households,second_quintile,1979,13.2,14.0,12.8,13.1,12.6
all_households,second_quintile,1980,13.7,14.8,13.4,12.1,13.6
all_households,second_quintile,1981,14.6,16.1,14.8,12.4,14.2
all_households,second_quintile,1982,13.7,15.5,12.1,14.0,12.7
all_households,second_quintile,1983,13.0,14.3,12.4,13.6,11.9
all_households,second_quintile,1984,13.4,14.6,12.8,13.8,12.4
all_households,second_quintile,1985,12.9,13.9,12.2,14.3,11.7
all_households,second_quintile,1986,14.0,15.8,10.7,16.8,12.3
all_households,second_quintile,1987,13.3,15.2,8.8,15.7,12.1
all_households,second_quintile,1988,13.4,15.6,9.0,15.9,11.8
all_households,second_quintile,1989,14.2,15.4,10.6,18.8,11.9
all_households,second_quintile,1990,14.7,16.2,11.9,18.5,12.2
all_households,second_quintile,1991,15.9,17.5,13.5,19.0,13.0
all_households,second_quintile,1992,18.3,20.2,16.6,20.3,14.7
all_households,second_quintile,1993,18.1,20.0,16.6,19.4,14.8
all_households,second_quintile,1994,18.6,21.0,15.9,19.4,14.8
all_households,second_quintile,1995,19.5,22.0,16.5,19.9,15.1
all_households,second_quintile,1996,19.3,21.4,17.9,17.2,16.8
all_households,second_quintile,1997,20.0,21.7,18.1,19.1,17.0
all_households,second_quintile,1998,20.7,22.8,16.3,18.6,17.6
all_households,second_quintile,1999,21.0,23.4,15.4,18.5,16.3
all_households,second_quintile,2000,22.1,23.7,17.5,20.0,18.7
all_households,second_quintile,2001,22.4,24.4,16.7,18.6,18.9
all_households,second_quintile,2002,23.2,25.1,18.1,19.3,19.1
all_households,second_quintile,2003,23.4,25.0,18.5,20.6,19.6
all_households,second_quintile,2004,24.6,26.5,20.2,20.2,19.7
all_households,second_quintile,2005,23.8,25.7,19.8,19.6,19.4
all_households,second_quintile,2006,24.8,26.3,19.1,20.8,24.8
all_households,second_quintile,2007,24.4,25.8,19.6,20.0,24.8
all_households,second_quintile,2008,25.7,27.2,20.7,20.7,25.8
all_households,second_quintile,2009,26.5,27.8,22.6,22.0,27.8
all_households,second_quintile,2010,26.5,27.6,24.2,21.6,28.3
all_households,second_quintile,2011,27.5,28.8,25.3,22.3,28.4
all_households,second_quintile,2012,27.1,28.4,24.5,21.1,29.3
all_households,second_quintile,2013,26.7,27.4,25.4,20.3,30.5
all_households,second_quintile,2014,26.4,26.9,24.6,21.8,29.0
all_households,middle_quintile,1979,6.0,6.4,3.6,6.8,6.4
all_households,middle_quintile,1980,5.6,6.1,3.9,5.6,5.9
all_households,middle_quintile,1981,5.4,5.9,4.3,6.4,5.1
all_households,middle_quintile,1982,4.8,5.3,2.4,6.7,4.7
all_households,middle_quintile,1983,5.2,5.9,2.7,8.7,4.4
all_households,middle_quintile,1984,5.3,5.3,3.8,8.3,4.8
all_households,middle_quintile,1985,5.1,5.9,2.6,7.7,4.5
all_households,middle_quintile,1986,5.3,5.9,2.4,9.0,4.2
all_households,middle_quintile,1987,4.9,5.7,1.9,7.1,4.1
all_households,middle_quintile,1988,5.5,6.3,2.9,7.1,4.8
all_households,middle_quintile,1989,5.5,6.4,2.2,8.2,4.3
all_households,middle_quintile,1990,5.7,6.9,2.6,8.0,4.4
all_households,middle_quintile,1991,6.4,7.4,3.5,9.2,4.9
all_households,middle_quintile,1992,6.4,7.1,4.4,8.4,5.1
all_households,middle_quintile,1993,7.4,8.5,4.9,9.2,5.8
all_households,middle_quintile,1994,7.1,8.6,4.8,6.7,5.6
all_households,middle_quintile,1995,8.2,9.5,5.3,8.9,6.4
all_households,middle_quintile,1996,8.3,10.1,4.8,8.6,6.0
all_households,middle_quintile,1997,7.7,9.3,4.1,7.7,5.2
all_households,middle_quintile,1998,8.0,9.6,3.4,7.7,5.1
all_households,middle_quintile,1999,9.0,10.5,4.1,8.8,5.7
all_households,middle_quintile,2000,9.4,10.8,4.2,8.2,6.8
all_households,middle_quintile,2001,9.6,11.0,3.9,7.6,6.8
all_households,middle_quintile,2002,10.0,11.3,4.7,8.6,6.9
all_households,middle_quintile,2003,10.6,12.2,4.8,8.3,6.9
all_households,middle_quintile,2004,10.8,12.2,4.4,10.5,6.8
all_households,middle_quintile,2005,11.2,12.7,4.8,10.2,6.6
all_households,middle_quintile,2006,10.8,12.3,4.2,9.2,9.2
all_households,middle_quintile,2007,11.6,13.2,4.6,10.1,9.7
all_households,middle_quintile,2008,11.8,13.3,5.3,10.7,9.6
all_households,middle_quintile,2009,12.1,13.8,5.9,10.6,10.6
all_households,middle_quintile,2010,12.1,13.8,7.2,9.2,11.0
all_households,middle_quintile,2011,12.3,14.1,6.9,10.7,11.3
all_households,middle_quintile,2012,12.3,14.0,6.8,10.9,11.3
all_households,middle_quintile,2013,12.2,13.9,7.0,9.6,11.1
all_households,middle_quintile,2014,13.2,14.8,7.4,10.7,11.6
all_households,fourth_quintile,1979,3.6,4.2,1.6,4.2,3.6
all_households,fourth_quintile,1980,3.3,3.3,1.4,5.0,3.3
all_households,fourth_quintile,1981,3.0,3.6,1.5,3.8,2.8
all_households,fourth_quintile,1982,2.7,3.3,0.9,4.6,2.2
all_households,fourth_quintile,1983,2.6,2.7,0.9,5.1,2.2
all_households,fourth_quintile,1984,2.9,3.0,1.3,4.8,2.6
all_households,fourth_quintile,1985,2.6,2.7,0.7,4.9,2.3
all_households,fourth_quintile,1986,2.8,3.1,0.8,4.6,2.5
all_households,fourth_quintile,1987,3.1,3.4,1.0,5.3,2.6
all_households,fourth_quintile,1988,2.9,3.6,0.9,3.6,2.6
all_households,fourth_quintile,1989,3.2,3.6,0.9,5.9,2.3
all_households,fourth_quintile,1990,3.1,3.5,0.8,5.6,2.2
all_households,fourth_quintile,1991,3.3,3.9,1.4,5.2,2.3
all_households,fourth_quintile,1992,3.9,4.4,2.0,6.0,3.0
all_households,fourth_quintile,1993,3.6,4.3,1.9,5.3,2.3
all_households,fourth_quintile,1994,4.3,5.6,1.8,5.0,2.7
all_households,fourth_quintile,1995,4.5,5.8,1.9,4.2,3.2
all_households,fourth_quintile,1996,4.3,5.5,1.4,4.9,2.8
all_households,fourth_quintile,1997,4.9,6.5,1.3,5.0,2.4
all_households,fourth_quintile,1998,5.0,6.3,1.4,4.8,2.5
all_households,fourth_quintile,1999,5.0,6.0,1.2,4.9,2.6
all_households,fourth_quintile,2000,5.3,6.2,1.5,4.8,3.2
all_households,fourth_quintile,2001,5.2,6.1,1.4,4.6,2.9
all_households,fourth_quintile,2002,5.8,6.6,1.4,5.6,3.5
all_households,fourth_quintile,2003,5.8,6.9,1.1,5.2,3.1
all_households,fourth_quintile,2004,6.2,7.2,1.5,5.9,3.5
all_households,fourth_quintile,2005,5.9,7.0,1.1,5.4,2.9
all_households,fourth_quintile,2006,6.4,7.5,1.4,5.6,5.1
all_households,fourth_quintile,2007,6.6,7.6,1.5,5.7,5.4
all_households,fourth_quintile,2008,6.4,7.4,1.6,6.1,5.0
all_households,fourth_quintile,2009,6.4,7.6,1.7,5.6,5.1
all_households,fourth_quintile,2010,6.3,7.6,2.5,5.2,4.6
all_households,fourth_quintile,2011,6.2,7.5,1.9,6.1,4.6
all_households,fourth_quintile,2012,6.0,7.2,1.7,5.6,4.9
all_households,fourth_quintile,2013,6.3,7.7,1.9,5.1,5.4
all_households,fourth_quintile,2014,7.2,8.4,2.7,5.5,5.8
all_households,highest_quintile,1979,2.2,2.6,0.8,3.0,2.1
all_households,highest_quintile,1980,1.8,1.7,0.5,3.2,1.9
all_households,highest_quintile,1981,1.9,2.1,0.4,3.8,1.6
all_households,highest_quintile,1982,1.7,2.5,0.4,2.3,1.3
all_households,highest_quintile,1983,1.4,1.6,0.5,2.3,1.4
all_households,highest_quintile,1984,1.8,1.7,0.9,3.6,1.6
all_households,highest_quintile,1985,1.8,1.8,0.6,3.2,1.7
all_households,highest_quintile,1986,1.7,1.7,0.4,3.4,1.6
all_households,highest_quintile,1987,1.6,1.5,0.7,2.8,1.5
all_households,highest_quintile,1988,1.8,2.1,0.6,2.4,1.7
all_households,highest_quintile,1989,2.0,2.2,0.7,2.7,1.8
all_households,highest_quintile,1990,2.3,2.5,0.7,4.3,1.9
all_households,highest_quintile,1991,2.2,2.3,0.9,3.4,2.1
all_households,highest_quintile,1992,2.3,2.7,1.0,3.4,1.6
all_households,highest_quintile,1993,2.4,2.8,0.7,3.9,1.6
all_households,highest_quintile,1994,2.9,3.9,0.6,3.7,1.8
all_households,highest_quintile,1995,2.9,4.1,0.9,2.7,1.8
all_households,highest_quintile,1996,2.8,3.9,0.6,3.0,1.3
all_households,highest_quintile,1997,3.0,4.1,0.6,3.0,1.3
all_households,highest_quintile,1998,3.4,4.4,0.5,3.2,1.6
all_households,highest_quintile,1999,3.6,4.3,0.6,3.7,1.7
all_households,highest_quintile,2000,3.6,4.3,0.7,2.9,2.0
all_households,highest_quintile,2001,3.4,3.9,0.5,3.3,2.0
all_households,highest_quintile,2002,3.4,3.9,0.6,3.2,1.9
all_households,highest_quintile,2003,3.6,4.3,0.6,3.2,1.6
all_households,highest_quintile,2004,3.7,4.2,0.6,3.9,2.2
all_households,highest_quintile,2005,3.8,4.5,0.6,3.7,2.1
all_households,highest_quintile,2006,4.3,5.0,0.5,4.4,3.2
all_households,highest_quintile,2007,4.2,4.9,0.6,3.8,3.3
all_households,highest_quintile,2008,4.0,4.7,0.7,3.8,2.8
all_households,highest_quintile,2009,3.8,4.5,0.9,3.3,2.9
all_households,highest_quintile,2010,3.9,4.7,1.2,3.3,3.1
all_households,highest_quintile,2011,3.3,4.1,0.7,2.9,2.4
all_households,highest_quintile,2012,3.7,4.6,0.7,3.5,2.7
all_households,highest_quintile,2013,3.6,4.7,0.6,1.8,2.5
all_households,highest_quintile,2014,4.4,5.3,1.1,2.8,3.4
all_households,percentiles_81_90,1979,1.2,1.4,0.4,1.8,1.2
all_households,percentiles_81_90,1980,1.0,1.0,0.2,1.7,1.1
all_households,percentiles_81_90,1981,1.1,1.2,0.2,2.4,0.8
all_households,percentiles_81_90,1982,0.9,1.3,0.2,1.4,0.7
all_households,percentiles_81_90,1983,0.7,0.8,0.2,1.1,0.7
all_households,percentiles_81_90,1984,1.0,1.0,0.4,1.9,0.8
all_households,percentiles_81_90,1985,1.0,1.0,0.2,2.1,0.8
all_households,percentiles_81_90,1986,1.0,1.0,0.2,2.0,0.8
all_households,percentiles_81_90,1987,0.8,0.7,0.3,1.3,0.7
all_households,percentiles_81_90,1988,0.9,1.1,0.2,1.2,0.9
all_households,percentiles_81_90,1989,1.0,1.2,0.3,1.3,0.8
all_households,percentiles_81_90,1990,1.2,1.5,0.3,2.0,0.9
all_households,percentiles_81_90,1991,1.2,1.2,0.5,2.1,1.1
all_households,percentiles_81_90,1992,1.3,1.6,0.6,1.7,1.0
all_households,percentiles_81_90,1993,1.3,1.7,0.4,2.2,0.8
all_households,percentiles_81_90,1994,1.6,1.9,0.4,2.4,1.0
all_households,percentiles_81_90,1995,1.5,2.1,0.4,1.4,1.0
all_households,percentiles_81_90,1996,1.7,2.3,0.4,2.0,0.7
all_households,percentiles_81_90,1997,1.6,2.2,0.3,1.8,0.6
all_households,percentiles_81_90,1998,1.8,2.4,0.3,2.0,0.7
all_households,percentiles_81_90,1999,2.0,2.4,0.3,2.2,1.0
all_households,percentiles_81_90,2000,2.2,2.6,0.4,1.9,1.1
all_households,percentiles_81_90,2001,1.8,2.1,0.2,1.5,1.0
all_households,percentiles_81_90,2002,1.9,2.2,0.2,2.0,1.0
all_households,percentiles_81_90,2003,2.0,2.4,0.3,1.8,0.9
all_households,percentiles_81_90,2004,2.2,2.4,0.3,2.6,1.2
all_households,percentiles_81_90,2005,2.0,2.4,0.3,1.9,1.1
all_households,percentiles_81_90,2006,2.4,2.8,0.3,2.6,1.7
all_households,percentiles_81_90,2007,2.3,2.6,0.3,2.2,1.7
all_households,percentiles_81_90,2008,2.2,2.6,0.4,1.9,1.4
all_households,percentiles_81_90,2009,2.2,2.6,0.5,1.9,1.6
all_households,percentiles_81_90,2010,2.2,2.7,0.7,1.7,1.7
all_households,percentiles_81_90,2011,1.9,2.4,0.4,1.8,1.3
all_households,percentiles_81_90,2012,2.1,2.7,0.3,2.0,1.4
all_households,percentiles_81_90,2013,1.9,2.5,0.4,1.1,1.3
all_households,percentiles_81_90,2014,2.5,2.9,0.6,1.6,2.0
all_households,percentiles_91_95,1979,0.4,0.5,0.2,0.7,0.3
all_households,percentiles_91_95,1980,0.4,0.3,0.1,0.6,0.4
all_households,percentiles_91_95,1981,0.4,0.5,0.1,0.7,0.3
all_households,percentiles_91_95,1982,0.4,0.6,0.1,0.5,0.3
all_households,percentiles_91_95,1983,0.3,0.4,0.1,0.6,0.3
all_households,percentiles_91_95,1984,0.4,0.3,0.2,0.9,0.3
all_households,percentiles_91_95,1985,0.3,0.3,0.1,0.5,0.3
all_households,percentiles_91_95,1986,0.3,0.3,0.1,0.6,0.3
all_households,percentiles_91_95,1987,0.3,0.3,0.1,0.4,0.3
all_households,percentiles_91_95,1988,0.4,0.5,0.2,0.5,0.3
all_households,percentiles_91_95,1989,0.4,0.5,0.1,0.6,0.4
all_households,percentiles_91_95,1990,0.5,0.5,0.2,1.0,0.3
all_households,percentiles_91_95,1991,0.4,0.4,0.1,0.3,0.4
all_households,percentiles_91_95,1992,0.6,0.7,0.2,0.9,0.3
all_households,percentiles_91_95,1993,0.5,0.6,0.1,0.9,0.4
all_households,percentiles_91_95,1994,0.6,0.9,0.1,0.6,0.3
all_households,percentiles_91_95,1995,0.7,0.9,0.2,0.6,0.4
all_households,percentiles_91_95,1996,0.6,0.9,0.1,0.7,0.3
all_households,percentiles_91_95,1997,0.7,0.9,0.1,0.7,0.3
all_households,percentiles_91_95,1998,0.8,1.1,0.1,0.6,0.3
all_households,percentiles_91_95,1999,0.8,1.0,0.1,0.9,0.4
all_households,percentiles_91_95,2000,0.7,0.8,0.2,0.6,0.4
all_households,percentiles_91_95,2001,0.8,0.9,0.1,0.9,0.6
all_households,percentiles_91_95,2002,0.8,0.9,0.2,0.6,0.4
all_households,percentiles_91_95,2003,0.9,1.0,0.1,0.9,0.3
all_households,percentiles_91_95,2004,0.7,0.9,0.1,0.7,0.5
all_households,percentiles_91_95,2005,0.9,1.1,0.1,0.9,0.5
all_households,percentiles_91_95,2006,1.0,1.2,0.1,1.0,0.8
all_households,percentiles_91_95,2007,1.1,1.3,0.2,0.9,0.8
all_households,percentiles_91_95,2008,1.0,1.1,0.2,1.0,0.7
all_households,percentiles_91_95,2009,0.8,1.0,0.2,0.6,0.6
all_households,percentiles_91_95,2010,0.9,1.0,0.2,0.7,0.7
all_households,percentiles_91_95,2011,0.7,0.8,0.1,0.6,0.6
all_households,percentiles_91_95,2012,0.8,1.0,0.2,0.8,0.7
all_households,percentiles_91_95,2013,0.9,1.2,0.1,0.5,0.6
all_households,percentiles_91_95,2014,1.0,1.2,0.3,0.8,0.7
all_households,percentiles_96_99,1979,0.4,0.6,0.2,0.3,0.4
all_households,percentiles_96_99,1980,0.3,0.3,0.1,0.7,0.3
all_households,percentiles_96_99,1981,0.3,0.2,0.1,0.4,0.4
all_households,percentiles_96_99,1982,0.2,0.4,0.1,0.3,0.2
all_households,percentiles_96_99,1983,0.3,0.2,0.2,0.5,0.3
all_households,percentiles_96_99,1984,0.3,0.2,0.2,0.7,0.3
all_households,percentiles_96_99,1985,0.3,0.4,0.1,0.4,0.3
all_households,percentiles_96_99,1986,0.3,0.3,0.1,0.5,0.3
all_households,percentiles_96_99,1987,0.4,0.4,0.2,0.8,0.4
all_households,percentiles_96_99,1988,0.3,0.3,0.2,0.5,0.3
all_households,percentiles_96_99,1989,0.4,0.3,0.2,0.5,0.5
all_households,percentiles_96_99,1990,0.5,0.5,0.2,1.0,0.5
all_households,percentiles_96_99,1991,0.5,0.5,0.2,0.7,0.5
all_households,percentiles_96_99,1992,0.4,0.4,0.2,0.6,0.3
all_households,percentiles_96_99,1993,0.3,0.3,0.2,0.5,0.3
all_households,percentiles_96_99,1994,0.6,0.9,0.1,0.5,0.4
all_households,percentiles_96_99,1995,0.5,0.8,0.1,0.4,0.3
all_households,percentiles_96_99,1996,0.4,0.6,0.1,0.3,0.2
all_households,percentiles_96_99,1997,0.6,0.8,0.1,0.5,0.4
all_households,percentiles_96_99,1998,0.6,0.7,0.1,0.5,0.4
all_households,percentiles_96_99,1999,0.6,0.8,0.1,0.4,0.3
all_households,percentiles_96_99,2000,0.6,0.7,0.1,0.4,0.3
all_households,percentiles_96_99,2001,0.7,0.8,0.1,0.7,0.4
all_households,percentiles_96_99,2002,0.5,0.6,0.1,0.4,0.3
all_households,percentiles_96_99,2003,0.6,0.7,0.1,0.4,0.3
all_households,percentiles_96_99,2004,0.6,0.7,0.1,0.6,0.4
all_households,percentiles_96_99,2005,0.7,0.8,0.1,0.7,0.4
all_households,percentiles_96_99,2006,0.7,0.8,0.1,0.6,0.5
all_households,percentiles_96_99,2007,0.7,0.8,0.1,0.6,0.8
all_households,percentiles_96_99,2008,0.7,0.7,0.1,0.7,0.5
all_households,percentiles_96_99,2009,0.6,0.7,0.1,0.6,0.5
all_households,percentiles_96_99,2010,0.6,0.8,0.2,0.6,0.5
all_households,percentiles_96_99,2011,0.5,0.7,0.1,0.3,0.4
all_households,percentiles_96_99,2012,0.5,0.7,0.1,0.4,0.5
all_households,percentiles_96_99,2013,0.6,0.8,0.1,0.2,0.5
all_households,percentiles_96_99,2014,0.7,0.8,0.2,0.4,0.5
all_households,top_1_percent,1979,0.1,0.1,0.1,0.2,0.1
all_households,top_1_percent,1980,0.1,0.1,0.1,0.2,0.1
all_households,top_1_percent,1981,0.2,0.1,0.1,0.3,0.1
all_households,top_1_percent,1982,0.1,0.2,,0.1,0.1
all_households,top_1_percent,1983,0.1,0.1,0.1,0.1,0.2
all_households,top_1_percent,1984,0.2,0.2,0.1,0.2,0.2
all_households,top_1_percent,1985,0.1,0.1,0.1,0.1,0.2
all_households,top_1_percent,1986,0.1,0.1,0.1,0.2,0.2
all_households,top_1_percent,1987,0.1,0.2,0.1,0.2,0.1
all_households,top_1_percent,1988,0.1,0.1,0.1,0.1,0.1
all_households,top_1_percent,1989,0.1,0.1,0.1,0.2,0.1
all_households,top_1_percent,1990,0.1,0.1,0.1,0.3,0.1
all_households,top_1_percent,1991,0.2,0.2,0.1,0.3,0.1
all_households,top_1_percent,1992,0.1,0.1,0.1,0.2,0.1
all_households,top_1_percent,1993,0.2,0.2,0.1,0.3,0.1
all_households,top_1_percent,1994,0.1,0.2,0.1,0.2,0.1
all_households,top_1_percent,1995,0.2,0.2,0.1,0.3,0.1
all_households,top_1_percent,1996,0.1,0.1,0.1,0.1,0.1
all_households,top_1_percent,1997,0.1,0.1,,,0.1
all_households,top_1_percent,1998,0.2,0.3,,0.1,0.2
all_households,top_1_percent,1999,0.1,0.2,,0.2,0.1
all_households,top_1_percent,2000,0.1,0.2,,0.1,0.1
all_households,top_1_percent,2001,0.2,0.2,,0.2,0.1
all_households,top_1_percent,2002,0.2,0.2,0.1,0.2,0.2
all_households,top_1_percent,2003,0.1,0.1,0.1,0.2,0.1
all_households,top_1_percent,2004,0.2,0.2,0.1,0.1,0.1
all_households,top_1_percent,2005,0.2,0.2,0.1,0.1,0.1
all_households,top_1_percent,2006,0.2,0.2,,0.2,0.2
all_households,top_1_percent,2007,0.1,0.2,,0.1,0.1
all_households,top_1_percent,2008,0.2,0.2,0.1,0.1,0.2
all_households,top_1_percent,2009,0.2,0.2,0.1,0.2,0.2
all_households,top_1_percent,2010,0.2,0.3,0.1,0.3,0.2
all_households,top_1_percent,2011,0.2,0.3,,0.2,0.1
all_households,top_1_percent,2012,0.2,0.2,,0.3,0.1
all_households,top_1_percent,2013,0.2,0.3,,,0.1
all_households,top_1_percent,2014,0.2,0.3,0.1,0.1,0.2
hh_with_children,all_quintiles,1979,100.0,100.0,100.0,100.0,100.0
hh_with_children,all_quintiles,1980,100.0,100.0,100.0,100.0,100.0
hh_with_children,all_quintiles,1981,100.0,100.0,100.0,100.0,100.0
hh_with_children,all_quintiles,1982,100.0,100.0,100.0,100.0,100.0
hh_with_children,all_quintiles,1983,100.0,100.0,100.0,100.0,100.0
hh_with_children,all_quintiles,1984,100.0,100.0,100.0,100.0,100.0
hh_with_children,all_quintiles,1985,100.0,100.0,100.0,100.0,100.0
hh_with_children,all_quintiles,1986,100.0,100.0,100.0,100.0,100.0
hh_with_children,all_quintiles,1987,100.0,100.0,100.0,100.0,100.0
hh_with_children,all_quintiles,1988,100.0,100.0,100.0,100.0,100.0
hh_with_children,all_quintiles,1989,100.0,100.0,100.0,100.0,100.0
hh_with_children,all_quintiles,1990,100.0,100.0,100.0,100.0,100.0
hh_with_children,all_quintiles,1991,100.0,100.0,100.0,100.0,100.0
hh_with_children,all_quintiles,1992,100.0,100.0,100.0,100.0,100.0
hh_with_children,all_quintiles,1993,100.0,100.0,100.0,100.0,100.0
hh_with_children,all_quintiles,1994,100.0,100.0,100.0,100.0,100.0
hh_with_children,all_quintiles,1995,100.0,100.0,100.0,100.0,100.0
hh_with_children,all_quintiles,1996,100.0,100.0,100.0,100.0,100.0
hh_with_children,all_quintiles,1997,100.0,100.0,100.0,100.0,100.0
hh_with_children,all_quintiles,1998,100.0,100.0,100.0,100.0,100.0
hh_with_children,all_quintiles,1999,100.0,100.0,100.0,100.0,100.0
hh_with_children,all_quintiles,2000,100.0,100.0,100.0,100.0,100.0
hh_with_children,all_quintiles,2001,100.0,100.0,100.0,100.0,100.0
hh_with_children,all_quintiles,2002,100.0,100.0,100.0,100.0,100.0
hh_with_children,all_quintiles,2003,100.0,100.0,100.0,100.0,100.0
hh_with_children,all_quintiles,2004,100.0,100.0,100.0,100.0,100.0
hh_with_children,all_quintiles,2005,100.0,100.0,100.0,100.0,100.0
hh_with_children,all_quintiles,2006,100.0,100.0,100.0,100.0,100.0
hh_with_children,all_quintiles,2007,100.0,100.0,100.0,100.0,100.0
hh_with_children,all_quintiles,2008,100.0,100.0,100.0,100.0,100.0
hh_with_children,all_quintiles,2009,100.0,100.0,100.0,100.0,100.0
hh_with_children,all_quintiles,2010,100.0,100.0,100.0,100.0,100.0
hh_with_children,all_quintiles,2011,100.0,100.0,100.0,100.0,100.0
hh_with_children,all_quintiles,2012,100.0,100.0,100.0,100.0,100.0
hh_with_children,all_quintiles,2013,100.0,100.0,100.0,100.0,100.0
hh_with_children,all_quintiles,2014,100.0,100.0,100.0,100.0,100.0
hh_with_children,lowest_quintile,1979,74.2,73.3,79.7,69.3,73.2
hh_with_children,lowest_quintile,1980,73.8,73.0,78.5,72.7,72.4
hh_with_children,lowest_quintile,1981,73.0,70.9,76.2,68.7,73.3
hh_with_children,lowest_quintile,1982,77.0,74.7,81.2,70.0,77.6
hh_with_children,lowest_quintile,1983,78.9,78.1,81.8,70.4,79.1
hh_with_children,lowest_quintile,1984,75.8,74.1,78.8,66.3,76.9
hh_with_children,lowest_quintile,1985,77.1,74.9,80.9,67.9,78.4
hh_with_children,lowest_quintile,1986,78.5,77.0,84.1,66.0,79.3
hh_with_children,lowest_quintile,1987,82.0,80.1,87.8,76.2,82.2
hh_with_children,lowest_quintile,1988,80.8,77.8,86.6,73.1,82.1
hh_with_children,lowest_quintile,1989,79.7,76.5,85.7,71.6,81.5
hh_with_children,lowest_quintile,1990,78.3,75.6,83.8,65.6,81.3
hh_with_children,lowest_quintile,1991,76.1,73.3,81.7,64.8,78.5
hh_with_children,lowest_quintile,1992,73.2,70.6,77.3,64.1,77.2
hh_with_children,lowest_quintile,1993,72.7,69.8,76.9,62.4,77.8
hh_with_children,lowest_quintile,1994,71.8,66.7,77.9,67.1,77.0
hh_with_children,lowest_quintile,1995,69.2,64.1,76.0,64.3,75.4
hh_with_children,lowest_quintile,1996,69.6,64.7,76.0,68.4,74.5
hh_with_children,lowest_quintile,1997,68.4,63.9,76.1,65.4,74.2
hh_with_children,lowest_quintile,1998,66.5,62.0,77.3,63.8,72.7
hh_with_children,lowest_quintile,1999,64.4,59.2,78.5,63.3,72.2
hh_with_children,lowest_quintile,2000,61.6,57.5,76.1,62.8,67.6
hh_with_children,lowest_quintile,2001,61.1,56.4,76.9,65.6,67.9
hh_with_children,lowest_quintile,2002,59.6,55.4,75.2,61.1,67.4
hh_with_children,lowest_quintile,2003,59.2,54.6,75.3,63.2,67.7
hh_with_children,lowest_quintile,2004,56.8,52.5,72.2,58.0,66.8
hh_with_children,lowest_quintile,2005,58.6,53.7,73.5,64.6,67.6
hh_with_children,lowest_quintile,2006,58.5,53.9,76.0,61.1,64.6
hh_with_children,lowest_quintile,2007,57.6,53.0,74.4,63.3,63.3
hh_with_children,lowest_quintile,2008,56.1,51.5,72.5,58.4,62.8
hh_with_children,lowest_quintile,2009,55.9,50.6,71.4,59.6,61.7
hh_with_children,lowest_quintile,2010,55.4,50.0,67.8,62.2,62.3
hh_with_children,lowest_quintile,2011,54.9,49.4,67.2,60.5,61.1
hh_with_children,lowest_quintile,2012,54.7,49.4,68.0,59.9,59.2
hh_with_children,lowest_quintile,2013,53.7,48.1,66.9,64.4,60.0
hh_with_children,lowest_quintile,2014,50.8,46.1,67.0,60.2,57.6
hh_with_children,second_quintile,1979,13.0,13.7,12.9,14.4,12.5
hh_with_children,second_quintile,1980,13.7,15.1,13.3,13.0,13.3
hh_with_children,second_quintile,1981,14.6,16.1,15.0,14.3,13.6
hh_with_children,second_quintile,1982,12.2,13.2,12.1,13.2,11.5
hh_with_children,second_quintile,1983,10.7,11.1,11.8,12.0,9.8
hh_with_children,second_quintile,1984,12.2,13.8,12.3,13.1,11.1
hh_with_children,second_quintile,1985,11.9,13.1,12.0,16.5,10.4
hh_with_children,second_quintile,1986,11.4,12.5,10.5,13.9,10.5
hh_with_children,second_quintile,1987,9.7,10.8,7.3,12.4,9.3
hh_with_children,second_quintile,1988,10.0,11.6,7.7,12.0,9.5
hh_with_children,second_quintile,1989,10.9,12.2,9.3,14.9,9.7
hh_with_children,second_quintile,1990,11.9,13.0,10.7,16.2,10.4
hh_with_children,second_quintile,1991,13.0,14.6,11.3,18.3,10.8
hh_with_children,second_quintile,1992,15.3,16.8,14.3,20.5,12.4
hh_with_children,second_quintile,1993,15.3,16.9,15.0,18.5,12.1
hh_with_children,second_quintile,1994,15.8,18.3,13.9,17.8,12.7
hh_with_children,second_quintile,1995,17.0,19.3,15.5,19.9,13.0
hh_with_children,second_quintile,1996,17.8,19.8,17.0,17.2,14.9
hh_with_children,second_quintile,1997,19.0,20.5,17.6,19.2,16.4
hh_with_children,second_quintile,1998,20.4,22.3,16.4,21.4,17.3
hh_with_children,second_quintile,1999,20.1,22.7,15.3,18.6,16.3
hh_with_children,second_quintile,2000,21.7,23.2,17.1,21.4,18.8
hh_with_children,second_quintile,2001,22.4,24.4,17.0,20.1,19.1
hh_with_children,second_quintile,2002,22.9,24.7,17.7,20.6,19.2
hh_with_children,second_quintile,2003,22.9,24.9,17.7,20.3,18.9
hh_with_children,second_quintile,2004,24.0,25.7,20.3,20.4,19.7
hh_with_children,second_quintile,2005,23.5,25.7,19.3,18.1,19.1
hh_with_children,second_quintile,2006,23.7,25.6,18.1,21.6,20.3
hh_with_children,second_quintile,2007,23.7,25.5,19.2,18.9,21.4
hh_with_children,second_quintile,2008,24.0,25.8,19.2,20.4,21.5
hh_with_children,second_quintile,2009,24.4,26.2,20.3,21.0,21.9
hh_with_children,second_quintile,2010,24.6,26.5,21.7,18.5,21.7
hh_with_children,second_quintile,2011,25.5,27.1,23.2,21.0,22.8
hh_with_children,second_quintile,2012,26.1,27.7,23.1,22.8,24.4
hh_with_children,second_quintile,2013,25.7,27.2,23.5,20.2,23.3
hh_with_children,second_quintile,2014,25.8,26.9,22.5,22.5,24.1
hh_with_children,middle_quintile,1979,5.9,6.0,3.4,7.4,6.7
hh_with_children,middle_quintile,1980,5.5,5.7,3.7,6.0,6.2
hh_with_children,middle_quintile,1981,5.3,5.5,4.3,7.6,5.3
hh_with_children,middle_quintile,1982,4.3,4.7,2.3,6.9,4.5
hh_with_children,middle_quintile,1983,4.2,4.6,2.2,10.1,4.0
hh_with_children,middle_quintile,1984,5.2,5.1,3.9,10.4,4.9
hh_with_children,middle_quintile,1985,4.2,4.7,2.3,6.1,4.2
hh_with_children,middle_quintile,1986,4.3,4.7,2.2,10.6,3.9
hh_with_children,middle_quintile,1987,3.4,3.7,1.6,4.5,3.7
hh_with_children,middle_quintile,1988,4.5,4.9,2.7,8.7,4.0
hh_with_children,middle_quintile,1989,4.2,5.3,1.8,7.2,3.8
hh_with_children,middle_quintile,1990,4.6,5.6,2.3,9.0,3.8
hh_with_children,middle_quintile,1991,4.9,5.7,3.1,7.1,4.4
hh_with_children,middle_quintile,1992,5.3,6.0,4.2,6.8,4.7
hh_with_children,middle_quintile,1993,6.4,7.4,4.4,9.2,5.4
hh_with_children,middle_quintile,1994,6.2,7.3,4.6,7.2,5.2
hh_with_children,middle_quintile,1995,7.1,7.9,5.0,9.5,6.1
hh_with_children,middle_quintile,1996,6.9,8.2,4.4,7.8,5.9
hh_with_children,middle_quintile,1997,6.4,7.6,3.9,8.0,5.0
hh_with_children,middle_quintile,1998,6.7,7.9,3.2,8.1,5.2
hh_with_children,middle_quintile,1999,8.6,10.1,4.0,9.6,6.1
hh_with_children,middle_quintile,2000,8.9,10.3,4.0,8.2,7.1
hh_with_children,middle_quintile,2001,9.1,10.7,3.6,7.6,6.9
hh_with_children,middle_quintile,2002,9.6,11.0,4.2,9.2,6.9
hh_with_children,middle_quintile,2003,9.8,11.3,4.6,8.4,7.2
hh_with_children,middle_quintile,2004,10.0,11.4,4.5,10.3,6.8
hh_with_children,middle_quintile,2005,9.7,11.2,4.6,9.3,6.6
hh_with_children,middle_quintile,2006,9.3,10.7,3.6,9.2,7.4
hh_with_children,middle_quintile,2007,10.0,11.4,4.0,9.7,7.9
hh_with_children,middle_quintile,2008,10.5,12.0,4.7,10.1,8.1
hh_with_children,middle_quintile,2009,10.8,12.6,5.0,10.8,8.7
hh_with_children,middle_quintile,2010,10.7,12.7,6.1,8.7,8.1
hh_with_children,middle_quintile,2011,10.9,12.8,6.4,9.9,8.9
hh_with_children,middle_quintile,2012,10.8,12.7,6.0,9.6,8.9
hh_with_children,middle_quintile,2013,11.5,13.5,6.6,8.9,9.3
hh_with_children,middle_quintile,2014,13.0,14.8,6.6,10.0,10.0
hh_with_children,fourth_quintile,1979,3.2,3.2,1.4,4.2,3.7
hh_with_children,fourth_quintile,1980,2.8,2.4,1.3,3.8,3.5
hh_with_children,fourth_quintile,1981,2.5,3.0,1.2,2.2,2.9
hh_with_children,fourth_quintile,1982,2.3,2.8,0.8,4.7,2.2
hh_with_children,fourth_quintile,1983,1.7,1.7,0.7,2.7,2.1
hh_with_children,fourth_quintile,1984,2.2,2.1,1.3,3.3,2.4
hh_with_children,fourth_quintile,1985,2.1,2.1,0.7,3.5,2.5
hh_with_children,fourth_quintile,1986,2.3,2.1,0.7,4.3,2.7
hh_with_children,fourth_quintile,1987,2.4,2.7,0.7,4.3,2.5
hh_with_children,fourth_quintile,1988,2.3,2.8,0.7,3.2,2.4
hh_with_children,fourth_quintile,1989,2.3,2.8,0.8,3.9,2.3
hh_with_children,fourth_quintile,1990,2.2,2.6,0.7,5.2,1.8
hh_with_children,fourth_quintile,1991,2.5,2.8,1.2,5.7,2.2
hh_with_children,fourth_quintile,1992,3.0,3.4,1.9,3.8,3.0
hh_with_children,fourth_quintile,1993,2.5,2.7,1.7,4.3,2.1
hh_with_children,fourth_quintile,1994,3.2,4.1,1.7,4.3,2.5
hh_with_children,fourth_quintile,1995,3.7,4.9,1.9,3.2,3.1
hh_with_children,fourth_quintile,1996,3.0,3.8,1.2,3.6,2.6
hh_with_children,fourth_quintile,1997,3.8,5.1,1.0,4.7,2.4
hh_with_children,fourth_quintile,1998,3.4,4.3,1.4,3.2,2.6
hh_with_children,fourth_quintile,1999,3.8,4.7,1.1,4.1,2.8
hh_with_children,fourth_quintile,2000,4.3,5.0,1.4,4.4,3.4
hh_with_children,fourth_quintile,2001,4.0,4.8,1.2,3.4,2.9
hh_with_children,fourth_quintile,2002,4.3,5.0,1.3,4.5,3.6
hh_with_children,fourth_quintile,2003,4.6,5.4,0.9,4.8,3.4
hh_with_children,fourth_quintile,2004,5.4,6.2,1.4,6.1,3.7
hh_with_children,fourth_quintile,2005,4.6,5.6,1.1,4.1,3.1
hh_with_children,fourth_quintile,2006,4.9,5.8,1.0,4.4,4.0
hh_with_children,fourth_quintile,2007,5.0,6.0,1.0,4.3,3.9
hh_with_children,fourth_quintile,2008,5.1,6.0,1.6,5.0,3.9
hh_with_children,fourth_quintile,2009,5.1,6.2,1.4,5.1,4.1
hh_with_children,fourth_quintile,2010,5.1,6.2,2.2,5.4,3.8
hh_with_children,fourth_quintile,2011,5.0,6.2,1.7,5.0,3.8
hh_with_children,fourth_quintile,2012,5.0,6.2,1.5,4.9,4.4
hh_with_children,fourth_quintile,2013,5.6,7.0,1.6,4.2,4.4
hh_with_children,fourth_quintile,2014,6.3,7.4,2.3,4.3,4.9
hh_with_children,highest_quintile,1979,1.8,1.6,0.7,2.5,2.2
hh_with_children,highest_quintile,1980,1.5,1.1,0.5,1.7,2.1
hh_with_children,highest_quintile,1981,1.4,1.4,0.5,3.0,1.7
hh_with_children,highest_quintile,1982,1.3,1.7,0.3,1.8,1.4
hh_with_children,highest_quintile,1983,1.1,1.0,0.5,1.5,1.5
hh_with_children,highest_quintile,1984,1.5,1.4,0.8,2.8,1.6
hh_with_children,highest_quintile,1985,1.4,1.5,0.6,2.0,1.6
hh_with_children,highest_quintile,1986,1.3,1.1,0.4,2.5,1.6
hh_with_children,highest_quintile,1987,1.1,1.0,0.5,1.2,1.4
hh_with_children,highest_quintile,1988,1.2,1.4,0.5,2.1,1.3
hh_with_children,highest_quintile,1989,1.4,1.7,0.6,1.8,1.5
hh_with_children,highest_quintile,1990,1.4,1.6,0.6,2.4,1.3
hh_with_children,highest_quintile,1991,1.7,1.6,0.9,2.2,2.0
hh_with_children,highest_quintile,1992,1.8,2.0,1.1,3.5,1.6
hh_with_children,highest_quintile,1993,1.6,1.7,0.6,3.3,1.4
hh_with_children,highest_quintile,1994,1.9,2.5,0.6,2.2,1.6
hh_with_children,highest_quintile,1995,2.0,2.8,0.7,1.9,1.8
hh_with_children,highest_quintile,1996,1.8,2.6,0.5,1.8,1.3
hh_with_children,highest_quintile,1997,1.8,2.3,0.5,1.9,1.4
hh_with_children,highest_quintile,1998,2.0,2.5,0.5,2.2,1.5
hh_with_children,highest_quintile,1999,2.3,2.6,0.3,3.5,1.8
hh_with_children,highest_quintile,2000,2.6,3.1,0.6,2.1,2.3
hh_with_children,highest_quintile,2001,2.7,3.1,0.5,2.7,2.3
hh_with_children,highest_quintile,2002,2.5,2.9,0.5,3.3,2.1
hh_with_children,highest_quintile,2003,2.5,3.0,0.5,2.6,2.0
hh_with_children,highest_quintile,2004,2.8,3.2,0.4,3.7,2.5
hh_with_children,highest_quintile,2005,2.7,3.1,0.5,2.9,2.5
hh_with_children,highest_quintile,2006,2.9,3.4,0.4,3.0,2.8
hh_with_children,highest_quintile,2007,2.8,3.3,0.5,2.7,2.6
hh_with_children,highest_quintile,2008,3.0,3.4,0.7,3.9,2.7
hh_with_children,highest_quintile,2009,2.9,3.5,0.7,2.7,2.8
hh_with_children,highest_quintile,2010,3.1,3.6,1.1,3.4,2.8
hh_with_children,highest_quintile,2011,2.8,3.6,0.6,2.5,2.6
hh_with_children,highest_quintile,2012,2.7,3.4,0.6,1.9,2.3
hh_with_children,highest_quintile,2013,2.8,3.7,0.6,1.3,2.1
hh_with_children,highest_quintile,2014,3.5,4.3,0.7,2.2,2.8
hh_with_children,percentiles_81_90,1979,1.0,1.0,0.3,1.5,1.2
hh_with_children,percentiles_81_90,1980,0.8,0.6,0.2,0.9,1.2
hh_with_children,percentiles_81_90,1981,0.8,0.8,0.2,2.3,0.8
hh_with_children,percentiles_81_90,1982,0.7,0.8,0.2,1.2,0.8
hh_with_children,percentiles_81_90,1983,0.5,0.4,0.1,0.8,0.7
hh_with_children,percentiles_81_90,1984,0.8,0.9,0.3,1.7,0.8
hh_with_children,percentiles_81_90,1985,0.7,0.7,0.1,1.3,0.8
hh_with_children,percentiles_81_90,1986,0.7,0.7,0.2,1.4,0.8
hh_with_children,percentiles_81_90,1987,0.5,0.4,0.2,0.5,0.7
hh_with_children,percentiles_81_90,1988,0.7,0.7,0.1,1.8,0.6
hh_with_children,percentiles_81_90,1989,0.8,1.0,0.3,0.8,0.8
hh_with_children,percentiles_81_90,1990,0.7,0.9,0.2,1.0,0.7
hh_with_children,percentiles_81_90,1991,0.9,0.8,0.5,1.7,1.0
hh_with_children,percentiles_81_90,1992,1.1,1.2,0.6,2.1,1.0
hh_with_children,percentiles_81_90,1993,0.9,1.0,0.3,1.8,0.7
hh_with_children,percentiles_81_90,1994,1.0,1.2,0.3,1.4,0.9
hh_with_children,percentiles_81_90,1995,1.0,1.3,0.4,0.8,1.0
hh_with_children,percentiles_81_90,1996,1.0,1.5,0.2,1.3,0.7
hh_with_children,percentiles_81_90,1997,1.0,1.3,0.2,1.3,0.6
hh_with_children,percentiles_81_90,1998,1.0,1.2,0.2,1.3,0.8
hh_with_children,percentiles_81_90,1999,1.3,1.4,0.2,2.3,1.1
hh_with_children,percentiles_81_90,2000,1.6,2.0,0.4,1.3,1.3
hh_with_children,percentiles_81_90,2001,1.4,1.7,0.3,1.5,1.1
hh_with_children,percentiles_81_90,2002,1.3,1.5,0.2,1.7,1.0
hh_with_children,percentiles_81_90,2003,1.4,1.7,0.3,1.3,1.1
hh_with_children,percentiles_81_90,2004,1.6,1.8,0.2,2.8,1.3
hh_with_children,percentiles_81_90,2005,1.3,1.6,0.2,1.4,1.3
hh_with_children,percentiles_81_90,2006,1.6,1.9,0.2,1.9,1.4
hh_with_children,percentiles_81_90,2007,1.5,1.8,0.2,1.5,1.3
hh_with_children,percentiles_81_90,2008,1.6,1.8,0.3,2.1,1.2
hh_with_children,percentiles_81_90,2009,1.6,1.9,0.4,1.5,1.4
hh_with_children,percentiles_81_90,2010,1.7,2.0,0.7,1.9,1.6
hh_with_children,percentiles_81_90,2011,1.5,2.0,0.3,1.3,1.3
hh_with_children,percentiles_81_90,2012,1.4,1.9,0.3,0.9,1.2
hh_with_children,percentiles_81_90,2013,1.4,1.9,0.3,0.9,1.0
hh_with_children,percentiles_81_90,2014,1.9,2.2,0.4,1.4,1.6
hh_with_children,percentiles_91_95,1979,0.3,0.3,0.2,0.3,0.4
hh_with_children,percentiles_91_95,1980,0.3,0.3,0.1,0.6,0.4
hh_with_children,percentiles_91_95,1981,0.2,0.2,0.1,0.2,0.3
hh_with_children,percentiles_91_95,1982,0.3,0.5,0.1,0.3,0.3
hh_with_children,percentiles_91_95,1983,0.2,0.2,0.1,0.4,0.3
hh_with_children,percentiles_91_95,1984,0.3,0.2,0.2,0.9,0.3
hh_with_children,percentiles_91_95,1985,0.3,0.3,0.1,0.3,0.3
hh_with_children,percentiles_91_95,1986,0.2,0.1,,0.4,0.3
hh_with_children,percentiles_91_95,1987,0.2,0.2,,0.1,0.3
hh_with_children,percentiles_91_95,1988,0.3,0.3,0.2,0.2,0.3
hh_with_children,percentiles_91_95,1989,0.3,0.4,0.1,0.5,0.3
hh_with_children,percentiles_91_95,1990,0.3,0.3,0.1,0.7,0.2
hh_with_children,percentiles_91_95,1991,0.3,0.3,0.1,0.1,0.5
hh_with_children,percentiles_91_95,1992,0.4,0.4,0.2,0.8,0.3
hh_with_children,percentiles_91_95,1993,0.3,0.3,0.1,0.6,0.3
hh_with_children,percentiles_91_95,1994,0.4,0.6,0.1,0.5,0.3
hh_with_children,percentiles_91_95,1995,0.4,0.6,0.1,0.4,0.3
hh_with_children,percentiles_91_95,1996,0.4,0.5,0.1,0.4,0.3
hh_with_children,percentiles_91_95,1997,0.4,0.5,0.2,0.5,0.3
hh_with_children,percentiles_91_95,1998,0.4,0.6,0.1,0.1,0.3
hh_with_children,percentiles_91_95,1999,0.5,0.6,0.1,0.7,0.4
hh_with_children,percentiles_91_95,2000,0.5,0.6,0.1,0.5,0.5
hh_with_children,percentiles_91_95,2001,0.6,0.6,0.2,0.4,0.7
hh_with_children,percentiles_91_95,2002,0.6,0.7,0.1,0.9,0.5
hh_with_children,percentiles_91_95,2003,0.6,0.7,,0.6,0.4
hh_with_children,percentiles_91_95,2004,0.7,0.8,0.1,0.6,0.6
hh_with_children,percentiles_91_95,2005,0.6,0.7,0.1,0.8,0.6
hh_with_children,percentiles_91_95,2006,0.6,0.7,0.1,0.6,0.7
hh_with_children,percentiles_91_95,2007,0.7,0.8,0.2,0.7,0.6
hh_with_children,percentiles_91_95,2008,0.7,0.8,0.2,0.9,0.6
hh_with_children,percentiles_91_95,2009,0.7,0.8,0.2,0.7,0.6
hh_with_children,percentiles_91_95,2010,0.6,0.8,0.1,0.5,0.6
hh_with_children,percentiles_91_95,2011,0.6,0.7,0.1,0.6,0.7
hh_with_children,percentiles_91_95,2012,0.6,0.8,0.1,0.5,0.6
hh_with_children,percentiles_91_95,2013,0.6,0.8,0.1,0.3,0.5
hh_with_children,percentiles_91_95,2014,0.7,0.9,0.1,0.5,0.5
hh_with_children,percentiles_96_99,1979,0.3,0.2,0.1,0.4,0.4
hh_with_children,percentiles_96_99,1980,0.2,0.2,0.1,0.1,0.3
hh_with_children,percentiles_96_99,1981,0.3,0.3,0.2,0.1,0.4
hh_with_children,percentiles_96_99,1982,0.2,0.3,,0.3,0.2
hh_with_children,percentiles_96_99,1983,0.2,0.1,0.1,0.3,0.3
hh_with_children,percentiles_96_99,1984,0.2,0.2,0.2,0.2,0.3
hh_with_children,percentiles_96_99,1985,0.3,0.3,0.2,0.2,0.3
hh_with_children,percentiles_96_99,1986,0.2,0.2,0.1,0.3,0.3
hh_with_children,percentiles_96_99,1987,0.3,0.3,0.2,0.4,0.3
hh_with_children,percentiles_96_99,1988,0.2,0.3,0.1,0.1,0.3
hh_with_children,percentiles_96_99,1989,0.2,0.2,0.2,0.1,0.3
hh_with_children,percentiles_96_99,1990,0.3,0.4,0.2,0.5,0.3
hh_with_children,percentiles_96_99,1991,0.4,0.4,0.2,0.4,0.5
hh_with_children,percentiles_96_99,1992,0.3,0.3,0.2,0.6,0.3
hh_with_children,percentiles_96_99,1993,0.3,0.3,0.1,0.6,0.3
hh_with_children,percentiles_96_99,1994,0.4,0.6,0.1,0.3,0.3
hh_with_children,percentiles_96_99,1995,0.4,0.5,0.1,0.3,0.3
hh_with_children,percentiles_96_99,1996,0.3,0.5,0.1,0.1,0.2
hh_with_children,percentiles_96_99,1997,0.3,0.4,0.1,0.1,0.4
hh_with_children,percentiles_96_99,1998,0.4,0.5,0.2,0.6,0.3
hh_with_children,percentiles_96_99,1999,0.3,0.4,0.1,0.2,0.3
hh_with_children,percentiles_96_99,2000,0.4,0.4,0.1,0.2,0.4
hh_with_children,percentiles_96_99,2001,0.5,0.6,0.1,0.5,0.4
hh_with_children,percentiles_96_99,2002,0.4,0.4,0.1,0.4,0.3
hh_with_children,percentiles_96_99,2003,0.4,0.5,0.1,0.4,0.4
hh_with_children,percentiles_96_99,2004,0.4,0.5,0.1,0.2,0.4
hh_with_children,percentiles_96_99,2005,0.6,0.6,0.1,0.7,0.5
hh_with_children,percentiles_96_99,2006,0.5,0.6,0.1,0.3,0.5
hh_with_children,percentiles_96_99,2007,0.5,0.6,0.1,0.5,0.6
hh_with_children,percentiles_96_99,2008,0.5,0.6,0.1,0.6,0.5
hh_with_children,percentiles_96_99,2009,0.5,0.5,0.1,0.3,0.6
hh_with_children,percentiles_96_99,2010,0.5,0.6,0.2,0.6,0.5
hh_with_children,percentiles_96_99,2011,0.5,0.7,0.1,0.3,0.5
hh_with_children,percentiles_96_99,2012,0.5,0.6,0.1,0.3,0.5
hh_with_children,percentiles_96_99,2013,0.5,0.7,0.1,0.1,0.5
hh_with_children,percentiles_96_99,2014,0.7,0.8,0.1,0.2,0.5
hh_with_children,top_1_percent,1979,0.1,0.1,0.1,0.3,0.2
hh_with_children,top_1_percent,1980,0.1,0.1,0.2,0.1,0.1
hh_with_children,top_1_percent,1981,0.2,0.2,0.1,0.4,0.2
hh_with_children,top_1_percent,1982,0.1,0.2,,,0.1
hh_with_children,top_1_percent,1983,0.2,0.2,0.1,0.1,0.2
hh_with_children,top_1_percent,1984,0.1,0.2,0.1,0.1,0.1
hh_with_children,top_1_percent,1985,0.2,0.2,0.2,0.1,0.2
hh_with_children,top_1_percent,1986,0.2,0.2,0.1,0.4,0.2
hh_with_children,top_1_percent,1987,0.1,0.2,0.1,0.1,0.1
hh_with_children,top_1_percent,1988,0.1,0.1,0.1,0.1,0.1
hh_with_children,top_1_percent,1989,0.1,0.2,0.1,0.4,0.1
hh_with_children,top_1_percent,1990,0.1,0.1,0.1,0.2,0.1
hh_with_children,top_1_percent,1991,0.1,0.2,0.1,0.1,0.1
hh_with_children,top_1_percent,1992,0.1,0.1,0.1,0.1,0.1
hh_with_children,top_1_percent,1993,0.1,0.1,0.1,0.2,0.1
hh_with_children,top_1_percent,1994,0.1,0.1,0.1,0.1,0.1
hh_with_children,top_1_percent,1995,0.2,0.3,0.1,0.3,0.1
hh_with_children,top_1_percent,1996,0.1,0.1,0.1,,0.1
hh_with_children,top_1_percent,1997,0.1,0.1,,,0.1
hh_with_children,top_1_percent,1998,0.2,0.2,,0.2,0.1
hh_with_children,top_1_percent,1999,0.2,0.2,,0.3,0.1
hh_with_children,top_1_percent,2000,0.1,0.1,,0.1,0.1
hh_with_children,top_1_percent,2001,0.2,0.2,,0.3,0.1
hh_with_children,top_1_percent,2002,0.2,0.2,0.1,0.2,0.3
hh_with_children,top_1_percent,2003,0.1,0.1,0.1,0.3,0.1
hh_with_children,top_1_percent,2004,0.2,0.2,0.1,0.1,0.1
hh_with_children,top_1_percent,2005,0.1,0.1,,0.1,0.1
hh_with_children,top_1_percent,2006,0.2,0.2,,0.2,0.2
hh_with_children,top_1_percent,2007,0.1,0.2,,0.1,0.1
hh_with_children,top_1_percent,2008,0.2,0.2,0.1,0.3,0.3
hh_with_children,top_1_percent,2009,0.2,0.2,0.1,0.2,0.2
hh_with_children,top_1_percent,2010,0.2,0.2,0.1,0.4,0.1
hh_with_children,top_1_percent,2011,0.2,0.2,,0.2,0.2
hh_with_children,top_1_percent,2012,0.2,0.2,,0.2,0.1
hh_with_children,top_1_percent,2013,0.2,0.3,,,0.1
hh_with_children,top_1_percent,2014,0.3,0.3,0.1,0.1,0.2
elderly_headed_hh,all_quintiles,1979,100.0,100.0,100.0,100.0,100.0
elderly_headed_hh,all_quintiles,1980,100.0,100.0,100.0,100.0,100.0
elderly_headed_hh,all_quintiles,1981,100.0,100.0,100.0,100.0,100.0
elderly_headed_hh,all_quintiles,1982,100.0,100.0,100.0,100.0,100.0
elderly_headed_hh,all_quintiles,1983,100.0,100.0,100.0,100.0,100.0
elderly_headed_hh,all_quintiles,1984,100.0,100.0,100.0,100.0,100.0
elderly_headed_hh,all_quintiles,1985,100.0,100.0,100.0,100.0,100.0
elderly_headed_hh,all_quintiles,1986,100.0,100.0,100.0,100.0,100.0
elderly_headed_hh,all_quintiles,1987,100.0,100.0,100.0,100.0,100.0
elderly_headed_hh,all_quintiles,1988,100.0,100.0,100.0,100.0,100.0
elderly_headed_hh,all_quintiles,1989,100.0,100.0,100.0,100.0,100.0
elderly_headed_hh,all_quintiles,1990,100.0,100.0,100.0,100.0,100.0
elderly_headed_hh,all_quintiles,1991,100.0,100.0,100.0,100.0,100.0
elderly_headed_hh,all_quintiles,1992,100.0,100.0,100.0,100.0,100.0
elderly_headed_hh,all_quintiles,1993,100.0,100.0,100.0,100.0,100.0
elderly_headed_hh,all_quintiles,1994,100.0,100.0,100.0,100.0,100.0
elderly_headed_hh,all_quintiles,1995,100.0,100.0,100.0,100.0,100.0
elderly_headed_hh,all_quintiles,1996,100.0,100.0,100.0,100.0,100.0
elderly_headed_hh,all_quintiles,1997,100.0,100.0,100.0,100.0,100.0
elderly_headed_hh,all_quintiles,1998,100.0,100.0,100.0,100.0,100.0
elderly_headed_hh,all_quintiles,1999,100.0,100.0,100.0,100.0,100.0
elderly_headed_hh,all_quintiles,2000,100.0,100.0,100.0,100.0,100.0
elderly_headed_hh,all_quintiles,2001,100.0,100.0,100.0,100.0,100.0
elderly_headed_hh,all_quintiles,2002,100.0,100.0,100.0,100.0,100.0
elderly_headed_hh,all_quintiles,2003,100.0,100.0,100.0,100.0,100.0
elderly_headed_hh,all_quintiles,2004,100.0,100.0,100.0,100.0,100.0
elderly_headed_hh,all_quintiles,2005,100.0,100.0,100.0,100.0,100.0
elderly_headed_hh,all_quintiles,2006,100.0,100.0,100.0,100.0,100.0
elderly_headed_hh,all_quintiles,2007,100.0,100.0,100.0,100.0,100.0
elderly_headed_hh,all_quintiles,2008,100.0,100.0,100.0,100.0,100.0
elderly_headed_hh,all_quintiles,2009,100.0,100.0,100.0,100.0,100.0
elderly_headed_hh,all_quintiles,2010,100.0,100.0,100.0,100.0,100.0
elderly_headed_hh,all_quintiles,2011,100.0,100.0,100.0,100.0,100.0
elderly_headed_hh,all_quintiles,2012,100.0,100.0,100.0,100.0,100.0
elderly_headed_hh,all_quintiles,2013,100.0,100.0,100.0,100.0,100.0
elderly_headed_hh,all_quintiles,2014,100.0,100.0,100.0,100.0,100.0
elderly_headed_hh,lowest_quintile,1979,77.8,74.2,87.9,75.8,82.4
elderly_headed_hh,lowest_quintile,1980,79.3,76.2,85.1,81.0,80.6
elderly_headed_hh,lowest_quintile,1981,76.7,74.9,82.7,77.1,76.6
elderly_headed_hh,lowest_quintile,1982,69.4,67.9,80.2,71.3,65.3
elderly_headed_hh,lowest_quintile,1983,65.8,67.8,70.4,66.8,57.0
elderly_headed_hh,lowest_quintile,1984,72.6,74.8,78.9,73.6,63.8
elderly_headed_hh,lowest_quintile,1985,71.9,74.7,77.4,70.7,64.5
elderly_headed_hh,lowest_quintile,1986,66.5,67.2,77.4,64.2,63.4
elderly_headed_hh,lowest_quintile,1987,65.1,63.9,77.0,64.7,64.5
elderly_headed_hh,lowest_quintile,1988,67.3,68.5,78.8,66.4,62.0
elderly_headed_hh,lowest_quintile,1989,68.8,71.9,76.7,64.5,63.5
elderly_headed_hh,lowest_quintile,1990,67.7,68.0,76.9,67.0,64.6
elderly_headed_hh,lowest_quintile,1991,62.6,62.7,67.3,58.3,65.3
elderly_headed_hh,lowest_quintile,1992,59.3,58.6,63.5,60.5,57.4
elderly_headed_hh,lowest_quintile,1993,53.6,51.0,59.5,56.3,55.3
elderly_headed_hh,lowest_quintile,1994,52.3,47.4,65.5,57.3,58.4
elderly_headed_hh,lowest_quintile,1995,52.4,46.6,63.5,61.4,57.9
elderly_headed_hh,lowest_quintile,1996,49.0,42.8,61.3,60.1,53.6
elderly_headed_hh,lowest_quintile,1997,49.8,43.4,58.6,58.5,65.7
elderly_headed_hh,lowest_quintile,1998,49.7,42.4,69.8,62.2,66.8
elderly_headed_hh,lowest_quintile,1999,53.7,48.0,71.0,61.5,71.8
elderly_headed_hh,lowest_quintile,2000,51.5,46.9,63.6,59.1,65.1
elderly_headed_hh,lowest_quintile,2001,51.9,47.3,67.4,59.8,66.3
elderly_headed_hh,lowest_quintile,2002,47.0,42.4,62.3,56.9,61.0
elderly_headed_hh,lowest_quintile,2003,44.8,40.1,57.4,56.1,61.0
elderly_headed_hh,lowest_quintile,2004,42.8,37.5,63.0,55.2,64.9
elderly_headed_hh,lowest_quintile,2005,43.0,38.1,57.1,54.0,64.2
elderly_headed_hh,lowest_quintile,2006,36.7,31.4,55.4,48.8,41.8
elderly_headed_hh,lowest_quintile,2007,35.6,30.2,54.8,45.3,41.5
elderly_headed_hh,lowest_quintile,2008,37.6,32.7,55.0,46.6,43.7
elderly_headed_hh,lowest_quintile,2009,31.2,27.1,43.5,41.1,33.6
elderly_headed_hh,lowest_quintile,2010,29.8,26.6,35.2,41.5,30.2
elderly_headed_hh,lowest_quintile,2011,32.8,29.9,38.9,40.3,34.0
elderly_headed_hh,lowest_quintile,2012,32.6,29.0,43.4,41.5,32.0
elderly_headed_hh,lowest_quintile,2013,32.5,29.1,40.9,43.3,31.2
elderly_headed_hh,lowest_quintile,2014,33.5,30.4,43.6,44.7,32.4
elderly_headed_hh,second_quintile,1979,12.4,13.2,8.3,12.7,12.5
elderly_headed_hh,second_quintile,1980,11.8,12.6,10.5,7.6,16.0
elderly_headed_hh,second_quintile,1981,14.6,14.8,13.4,11.6,18.5
elderly_headed_hh,second_quintile,1982,20.4,19.9,15.1,19.4,25.5
elderly_headed_hh,second_quintile,1983,24.4,22.3,22.6,21.5,34.2
elderly_headed_hh,second_quintile,1984,18.6,16.0,17.7,16.4,27.3
elderly_headed_hh,second_quintile,1985,18.6,16.4,18.7,15.8,26.8
elderly_headed_hh,second_quintile,1986,22.5,20.5,18.3,21.3,29.6
elderly_headed_hh,second_quintile,1987,24.6,24.0,17.7,23.0,29.3
elderly_headed_hh,second_quintile,1988,21.5,20.6,15.4,22.1,24.7
elderly_headed_hh,second_quintile,1989,20.3,17.7,19.4,20.0,27.4
elderly_headed_hh,second_quintile,1990,22.2,22.6,19.3,21.6,22.9
elderly_headed_hh,second_quintile,1991,24.8,24.2,26.9,25.7,24.7
elderly_headed_hh,second_quintile,1992,28.1,28.1,30.0,23.2,34.1
elderly_headed_hh,second_quintile,1993,31.0,30.7,32.7,26.8,37.1
elderly_headed_hh,second_quintile,1994,29.9,30.0,29.1,28.3,32.5
elderly_headed_hh,second_quintile,1995,27.7,28.1,26.7,24.6,31.5
elderly_headed_hh,second_quintile,1996,27.2,27.3,27.5,22.7,34.7
elderly_headed_hh,second_quintile,1997,26.0,26.5,31.6,23.2,25.6
elderly_headed_hh,second_quintile,1998,24.5,26.4,21.1,18.8,23.8
elderly_headed_hh,second_quintile,1999,25.4,27.4,19.1,22.2,20.1
elderly_headed_hh,second_quintile,2000,25.9,26.9,26.2,23.6,23.6
elderly_headed_hh,second_quintile,2001,25.9,27.1,22.9,23.5,22.7
elderly_headed_hh,second_quintile,2002,28.1,29.3,26.1,23.8,27.1
elderly_headed_hh,second_quintile,2003,28.2,28.2,32.9,26.3,28.1
elderly_headed_hh,second_quintile,2004,29.7,31.1,31.1,24.2,23.8
elderly_headed_hh,second_quintile,2005,27.1,27.7,33.1,23.2,24.9
elderly_headed_hh,second_quintile,2006,29.2,28.6,33.3,24.9,33.3
elderly_headed_hh,second_quintile,2007,26.2,25.7,28.2,23.6,28.8
elderly_headed_hh,second_quintile,2008,30.6,31.0,32.5,25.1,32.6
elderly_headed_hh,second_quintile,2009,34.6,33.5,38.6,30.4,39.1
elderly_headed_hh,second_quintile,2010,33.1,30.1,43.1,30.8,39.6
elderly_headed_hh,second_quintile,2011,35.8,34.1,44.9,29.5,39.8
elderly_headed_hh,second_quintile,2012,35.5,33.8,40.2,30.4,41.5
elderly_headed_hh,second_quintile,2013,34.1,30.8,43.1,28.6,41.6
elderly_headed_hh,second_quintile,2014,32.6,30.5,38.4,27.3,38.8
elderly_headed_hh,middle_quintile,1979,4.6,4.9,2.5,5.7,3.5
elderly_headed_hh,middle_quintile,1980,3.7,4.6,2.8,4.2,1.9
elderly_headed_hh,middle_quintile,1981,4.4,5.2,2.4,4.9,3.0
elderly_headed_hh,middle_quintile,1982,5.1,5.5,3.1,4.1,6.4
elderly_headed_hh,middle_quintile,1983,6.3,6.4,5.1,7.3,5.3
elderly_headed_hh,middle_quintile,1984,4.8,4.7,1.6,5.0,6.0
elderly_headed_hh,middle_quintile,1985,6.1,6.3,2.5,7.5,5.8
elderly_headed_hh,middle_quintile,1986,6.8,7.2,2.3,8.6,5.5
elderly_headed_hh,middle_quintile,1987,6.5,8.0,3.1,7.1,3.7
elderly_headed_hh,middle_quintile,1988,6.1,6.4,4.5,7.6,4.3
elderly_headed_hh,middle_quintile,1989,6.0,6.4,2.3,7.6,4.5
elderly_headed_hh,middle_quintile,1990,5.7,5.8,2.9,5.8,6.5
elderly_headed_hh,middle_quintile,1991,8.0,7.9,4.7,10.1,6.9
elderly_headed_hh,middle_quintile,1992,6.8,6.9,4.5,8.1,5.7
elderly_headed_hh,middle_quintile,1993,8.3,9.8,5.0,8.1,5.1
elderly_headed_hh,middle_quintile,1994,9.3,11.3,3.7,7.1,6.7
elderly_headed_hh,middle_quintile,1995,10.4,12.6,6.5,7.7,6.7
elderly_headed_hh,middle_quintile,1996,12.2,14.6,7.7,9.7,7.1
elderly_headed_hh,middle_quintile,1997,11.7,13.8,6.2,10.0,5.5
elderly_headed_hh,middle_quintile,1998,11.9,14.0,5.8,9.7,4.9
elderly_headed_hh,middle_quintile,1999,9.8,11.3,6.3,7.4,4.7
elderly_headed_hh,middle_quintile,2000,11.0,12.6,6.7,7.8,7.6
elderly_headed_hh,middle_quintile,2001,11.5,13.0,8.0,8.8,7.1
elderly_headed_hh,middle_quintile,2002,12.5,13.7,9.2,9.2,9.1
elderly_headed_hh,middle_quintile,2003,13.7,15.4,7.2,10.4,8.1
elderly_headed_hh,middle_quintile,2004,13.8,15.5,4.3,10.8,7.0
elderly_headed_hh,middle_quintile,2005,14.9,16.8,7.6,11.7,6.7
elderly_headed_hh,middle_quintile,2006,16.2,18.1,8.4,13.5,13.2
elderly_headed_hh,middle_quintile,2007,17.0,19.1,10.0,13.3,14.5
elderly_headed_hh,middle_quintile,2008,16.4,18.3,9.3,14.4,13.1
elderly_headed_hh,middle_quintile,2009,17.4,19.1,12.1,16.2,14.8
elderly_headed_hh,middle_quintile,2010,19.4,21.0,15.4,15.7,18.2
elderly_headed_hh,middle_quintile,2011,18.2,19.9,12.1,16.0,17.8
elderly_headed_hh,middle_quintile,2012,17.4,18.9,12.6,15.9,16.3
elderly_headed_hh,middle_quintile,2013,16.6,18.2,11.1,16.4,15.0
elderly_headed_hh,middle_quintile,2014,16.4,18.2,11.3,13.7,14.5
elderly_headed_hh,fourth_quintile,1979,2.3,3.7,0.6,1.7,1.0
elderly_headed_hh,fourth_quintile,1980,3.3,4.2,1.1,4.7,1.0
elderly_headed_hh,fourth_quintile,1981,2.9,3.2,1.2,4.6,0.9
elderly_headed_hh,fourth_quintile,1982,3.2,4.2,1.1,3.3,1.9
elderly_headed_hh,fourth_quintile,1983,2.3,2.3,1.3,2.8,2.3
elderly_headed_hh,fourth_quintile,1984,2.3,2.8,0.7,2.7,1.5
elderly_headed_hh,fourth_quintile,1985,2.1,1.8,0.5,4.1,1.6
elderly_headed_hh,fourth_quintile,1986,3.1,4.0,1.5,4.3,0.6
elderly_headed_hh,fourth_quintile,1987,2.3,2.7,1.5,2.4,1.5
elderly_headed_hh,fourth_quintile,1988,3.1,3.1,0.9,2.6,4.3
elderly_headed_hh,fourth_quintile,1989,3.4,3.1,1.1,6.0,1.9
elderly_headed_hh,fourth_quintile,1990,2.3,2.2,0.6,3.3,2.4
elderly_headed_hh,fourth_quintile,1991,2.6,3.2,1.0,3.1,1.1
elderly_headed_hh,fourth_quintile,1992,3.8,4.2,1.4,5.3,1.8
elderly_headed_hh,fourth_quintile,1993,4.4,5.2,2.0,5.0,1.7
elderly_headed_hh,fourth_quintile,1994,5.1,6.6,1.2,4.8,1.4
elderly_headed_hh,fourth_quintile,1995,5.6,7.4,1.5,3.7,2.5
elderly_headed_hh,fourth_quintile,1996,6.3,8.5,2.5,3.5,2.6
elderly_headed_hh,fourth_quintile,1997,7.4,9.6,2.5,4.9,2.4
elderly_headed_hh,fourth_quintile,1998,7.3,9.1,2.4,5.0,1.5
elderly_headed_hh,fourth_quintile,1999,5.7,6.9,2.0,4.3,1.3
elderly_headed_hh,fourth_quintile,2000,6.4,7.5,2.3,5.5,2.4
elderly_headed_hh,fourth_quintile,2001,6.6,7.8,1.3,4.7,3.1
elderly_headed_hh,fourth_quintile,2002,7.8,9.2,1.6,6.4,1.7
elderly_headed_hh,fourth_quintile,2003,8.0,9.7,1.6,4.6,2.4
elderly_headed_hh,fourth_quintile,2004,8.2,9.5,0.8,5.9,3.3
elderly_headed_hh,fourth_quintile,2005,9.1,10.6,1.3,6.8,3.1
elderly_headed_hh,fourth_quintile,2006,10.1,12.2,1.6,7.2,6.9
elderly_headed_hh,fourth_quintile,2007,12.8,15.0,4.7,10.9,9.2
elderly_headed_hh,fourth_quintile,2008,9.1,10.3,1.7,10.2,6.5
elderly_headed_hh,fourth_quintile,2009,10.1,12.1,3.3,6.7,8.3
elderly_headed_hh,fourth_quintile,2010,10.7,13.6,3.5,7.2,7.0
elderly_headed_hh,fourth_quintile,2011,9.4,11.6,2.9,10.2,6.0
elderly_headed_hh,fourth_quintile,2012,8.7,11.0,2.3,5.9,6.6
elderly_headed_hh,fourth_quintile,2013,10.0,12.5,3.2,7.8,8.0
elderly_headed_hh,fourth_quintile,2014,10.9,13.1,3.8,8.9,8.7
elderly_headed_hh,highest_quintile,1979,2.6,3.9,0.6,3.1,0.6
elderly_headed_hh,highest_quintile,1980,1.6,2.2,0.2,2.4,0.4
elderly_headed_hh,highest_quintile,1981,1.5,1.9,0.2,1.7,1.0
elderly_headed_hh,highest_quintile,1982,1.7,2.5,0.5,1.4,0.9
elderly_headed_hh,highest_quintile,1983,1.1,1.1,0.4,1.7,1.1
elderly_headed_hh,highest_quintile,1984,1.6,1.6,0.6,2.2,1.4
elderly_headed_hh,highest_quintile,1985,1.1,0.8,0.7,1.8,1.3
elderly_headed_hh,highest_quintile,1986,1.1,1.2,0.1,1.6,0.9
elderly_headed_hh,highest_quintile,1987,1.4,1.3,0.8,2.3,1.0
elderly_headed_hh,highest_quintile,1988,2.0,1.4,0.2,1.3,4.7
elderly_headed_hh,highest_quintile,1989,1.4,0.8,0.4,1.9,2.4
elderly_headed_hh,highest_quintile,1990,2.0,1.4,,2.3,3.6
elderly_headed_hh,highest_quintile,1991,1.9,1.9,0.1,2.6,1.9
elderly_headed_hh,highest_quintile,1992,1.9,2.0,0.5,2.8,1.0
elderly_headed_hh,highest_quintile,1993,2.7,3.1,0.7,3.7,0.7
elderly_headed_hh,highest_quintile,1994,3.3,4.6,0.4,2.4,0.9
elderly_headed_hh,highest_quintile,1995,3.9,5.2,1.3,2.6,1.3
elderly_headed_hh,highest_quintile,1996,4.8,6.4,0.9,3.5,1.5
elderly_headed_hh,highest_quintile,1997,4.8,6.5,1.0,3.1,0.7
elderly_headed_hh,highest_quintile,1998,6.3,7.9,0.7,3.9,2.9
elderly_headed_hh,highest_quintile,1999,5.2,6.1,1.4,4.4,1.9
elderly_headed_hh,highest_quintile,2000,4.9,6.0,0.9,3.7,0.9
elderly_headed_hh,highest_quintile,2001,3.9,4.7,0.3,3.0,0.7
elderly_headed_hh,highest_quintile,2002,4.1,4.9,0.5,2.8,1.0
elderly_headed_hh,highest_quintile,2003,4.9,6.1,0.6,2.3,0.4
elderly_headed_hh,highest_quintile,2004,5.4,6.3,0.5,3.7,1.1
elderly_headed_hh,highest_quintile,2005,5.5,6.5,0.6,3.7,0.8
elderly_headed_hh,highest_quintile,2006,7.3,9.2,0.8,4.8,4.4
elderly_headed_hh,highest_quintile,2007,8.1,9.8,1.6,6.4,5.7
elderly_headed_hh,highest_quintile,2008,5.8,7.4,0.6,3.2,3.7
elderly_headed_hh,highest_quintile,2009,6.2,7.7,1.7,5.1,3.7
elderly_headed_hh,highest_quintile,2010,6.5,8.2,2.1,4.4,4.3
elderly_headed_hh,highest_quintile,2011,3.4,4.3,0.8,3.6,2.0
elderly_headed_hh,highest_quintile,2012,5.4,6.9,0.7,5.4,3.2
elderly_headed_hh,highest_quintile,2013,6.0,8.5,0.8,3.1,3.5
elderly_headed_hh,highest_quintile,2014,6.1,7.4,2.2,4.9,4.9
elderly_headed_hh,percentiles_81_90,1979,1.4,1.7,0.2,2.2,0.3
elderly_headed_hh,percentiles_81_90,1980,0.9,1.2,,1.3,0.3
elderly_headed_hh,percentiles_81_90,1981,0.6,1.0,0.1,0.3,0.6
elderly_headed_hh,percentiles_81_90,1982,1.0,1.3,0.5,1.1,0.6
elderly_headed_hh,percentiles_81_90,1983,0.7,0.8,0.1,0.9,0.6
elderly_headed_hh,percentiles_81_90,1984,0.9,1.0,0.3,0.9,0.9
elderly_headed_hh,percentiles_81_90,1985,0.6,0.6,0.3,0.9,0.6
elderly_headed_hh,percentiles_81_90,1986,0.5,0.6,,0.7,0.4
elderly_headed_hh,percentiles_81_90,1987,0.9,0.9,0.4,0.9,0.8
elderly_headed_hh,percentiles_81_90,1988,1.3,0.8,0.1,0.4,3.8
elderly_headed_hh,percentiles_81_90,1989,0.5,0.3,0.2,1.0,0.5
elderly_headed_hh,percentiles_81_90,1990,0.7,0.8,,0.8,0.7
elderly_headed_hh,percentiles_81_90,1991,1.2,1.3,,1.5,1.1
elderly_headed_hh,percentiles_81_90,1992,1.1,1.1,0.3,1.6,0.7
elderly_headed_hh,percentiles_81_90,1993,2.0,2.5,0.3,2.7,0.3
elderly_headed_hh,percentiles_81_90,1994,1.5,2.0,0.1,1.4,0.6
elderly_headed_hh,percentiles_81_90,1995,2.1,3.0,0.6,1.1,0.6
elderly_headed_hh,percentiles_81_90,1996,2.3,3.2,0.6,1.4,0.5
elderly_headed_hh,percentiles_81_90,1997,2.5,3.2,0.7,1.8,0.4
elderly_headed_hh,percentiles_81_90,1998,3.0,3.8,0.5,1.8,0.6
elderly_headed_hh,percentiles_81_90,1999,3.0,3.5,0.6,2.8,0.3
elderly_headed_hh,percentiles_81_90,2000,2.5,3.0,0.5,2.1,0.4
elderly_headed_hh,percentiles_81_90,2001,2.0,2.5,0.2,1.4,0.2
elderly_headed_hh,percentiles_81_90,2002,2.2,2.6,0.2,1.6,0.8
elderly_headed_hh,percentiles_81_90,2003,2.8,3.5,0.4,1.3,0.2
elderly_headed_hh,percentiles_81_90,2004,3.0,3.5,0.1,2.3,0.7
elderly_headed_hh,percentiles_81_90,2005,2.7,3.3,0.3,1.7,0.4
elderly_headed_hh,percentiles_81_90,2006,3.6,4.4,0.2,2.7,2.3
elderly_headed_hh,percentiles_81_90,2007,4.2,4.9,1.0,3.9,2.8
elderly_headed_hh,percentiles_81_90,2008,2.7,3.3,0.4,2.0,1.8
elderly_headed_hh,percentiles_81_90,2009,3.9,4.8,1.3,3.1,2.4
elderly_headed_hh,percentiles_81_90,2010,3.5,4.3,1.5,2.0,2.4
elderly_headed_hh,percentiles_81_90,2011,1.8,2.3,0.5,2.0,1.0
elderly_headed_hh,percentiles_81_90,2012,3.2,4.3,0.4,2.9,1.7
elderly_headed_hh,percentiles_81_90,2013,3.4,4.8,0.4,1.4,2.0
elderly_headed_hh,percentiles_81_90,2014,3.6,4.4,1.3,2.4,2.9
elderly_headed_hh,percentiles_91_95,1979,0.4,0.9,,0.3,
elderly_headed_hh,percentiles_91_95,1980,0.3,0.3,0.1,0.5,0.1
elderly_headed_hh,percentiles_91_95,1981,0.5,0.7,,0.8,0.2
elderly_headed_hh,percentiles_91_95,1982,0.4,0.6,0.1,0.2,0.2
elderly_headed_hh,percentiles_91_95,1983,0.2,0.1,,0.3,0.2
elderly_headed_hh,percentiles_91_95,1984,0.3,0.3,,0.4,0.2
elderly_headed_hh,percentiles_91_95,1985,0.2,,0.2,0.3,0.3
elderly_headed_hh,percentiles_91_95,1986,0.3,0.3,0.1,0.5,0.2
elderly_headed_hh,percentiles_91_95,1987,0.1,0.1,0.2,0.1,
elderly_headed_hh,percentiles_91_95,1988,0.2,0.2,,0.4,0.2
elderly_headed_hh,percentiles_91_95,1989,0.4,0.4,0.1,0.7,0.1
elderly_headed_hh,percentiles_91_95,1990,0.4,0.5,,0.7,0.2
elderly_headed_hh,percentiles_91_95,1991,0.2,0.2,,0.2,0.2
elderly_headed_hh,percentiles_91_95,1992,0.4,0.5,0.1,0.6,0.1
elderly_headed_hh,percentiles_91_95,1993,0.4,0.4,0.2,0.7,0.2
elderly_headed_hh,percentiles_91_95,1994,0.6,0.8,0.2,0.5,0.2
elderly_headed_hh,percentiles_91_95,1995,0.8,1.0,0.2,0.6,0.7
elderly_headed_hh,percentiles_91_95,1996,1.4,1.8,0.2,1.2,0.6
elderly_headed_hh,percentiles_91_95,1997,0.9,1.3,0.2,0.3,0.2
elderly_headed_hh,percentiles_91_95,1998,1.7,2.1,,1.5,0.3
elderly_headed_hh,percentiles_91_95,1999,1.2,1.3,0.3,1.0,0.8
elderly_headed_hh,percentiles_91_95,2000,0.7,0.9,0.3,0.5,0.3
elderly_headed_hh,percentiles_91_95,2001,1.0,1.2,0.1,1.0,0.2
elderly_headed_hh,percentiles_91_95,2002,0.8,1.0,0.1,0.2,0.1
elderly_headed_hh,percentiles_91_95,2003,0.9,1.1,0.1,0.6,
elderly_headed_hh,percentiles_91_95,2004,0.9,1.1,0.1,0.6,0.2
elderly_headed_hh,percentiles_91_95,2005,1.4,1.6,0.1,1.0,0.3
elderly_headed_hh,percentiles_91_95,2006,1.9,2.6,0.1,0.7,1.1
elderly_headed_hh,percentiles_91_95,2007,2.1,2.7,0.3,1.3,1.2
elderly_headed_hh,percentiles_91_95,2008,1.6,2.0,0.1,0.8,0.9
elderly_headed_hh,percentiles_91_95,2009,1.2,1.5,0.3,0.8,0.7
elderly_headed_hh,percentiles_91_95,2010,1.7,2.1,0.4,1.4,1.1
elderly_headed_hh,percentiles_91_95,2011,0.9,1.1,0.2,1.0,0.6
elderly_headed_hh,percentiles_91_95,2012,1.3,1.7,0.2,1.4,0.6
elderly_headed_hh,percentiles_91_95,2013,1.5,2.2,0.1,0.9,0.8
elderly_headed_hh,percentiles_91_95,2014,1.5,1.8,0.7,1.7,1.2
elderly_headed_hh,percentiles_96_99,1979,0.6,1.1,0.4,0.2,0.2
elderly_headed_hh,percentiles_96_99,1980,0.3,0.5,,0.3,
elderly_headed_hh,percentiles_96_99,1981,0.2,0.1,0.1,0.5,0.1
elderly_headed_hh,percentiles_96_99,1982,0.1,0.2,,0.1,
elderly_headed_hh,percentiles_96_99,1983,0.2,0.2,0.2,0.4,0.2
elderly_headed_hh,percentiles_96_99,1984,0.4,0.3,0.2,0.8,0.1
elderly_headed_hh,percentiles_96_99,1985,0.3,0.2,0.1,0.5,0.4
elderly_headed_hh,percentiles_96_99,1986,0.2,0.2,,0.3,0.2
elderly_headed_hh,percentiles_96_99,1987,0.4,0.2,0.1,1.1,0.1
elderly_headed_hh,percentiles_96_99,1988,0.3,0.3,0.1,0.4,0.1
elderly_headed_hh,percentiles_96_99,1989,0.5,0.1,0.1,0.2,1.8
elderly_headed_hh,percentiles_96_99,1990,0.7,0.1,,0.7,2.3
elderly_headed_hh,percentiles_96_99,1991,0.4,0.3,,0.8,0.6
elderly_headed_hh,percentiles_96_99,1992,0.3,0.3,0.1,0.3,0.2
elderly_headed_hh,percentiles_96_99,1993,0.2,0.2,0.2,0.1,0.2
elderly_headed_hh,percentiles_96_99,1994,1.1,1.6,0.1,0.4,0.1
elderly_headed_hh,percentiles_96_99,1995,0.7,0.9,0.4,0.4,
elderly_headed_hh,percentiles_96_99,1996,0.8,1.1,0.1,0.7,0.4
elderly_headed_hh,percentiles_96_99,1997,1.1,1.4,0.1,0.9,0.2
elderly_headed_hh,percentiles_96_99,1998,1.1,1.5,0.1,0.3,0.9
elderly_headed_hh,percentiles_96_99,1999,1.0,1.2,0.5,0.6,0.8
elderly_headed_hh,percentiles_96_99,2000,1.3,1.7,0.1,0.7,0.2
elderly_headed_hh,percentiles_96_99,2001,0.7,0.9,,0.5,0.2
elderly_headed_hh,percentiles_96_99,2002,0.9,1.1,,0.8,0.1
elderly_headed_hh,percentiles_96_99,2003,1.0,1.3,0.1,0.3,0.1
elderly_headed_hh,percentiles_96_99,2004,1.2,1.4,0.3,0.7,0.1
elderly_headed_hh,percentiles_96_99,2005,1.1,1.3,0.1,0.8,0.1
elderly_headed_hh,percentiles_96_99,2006,1.3,1.6,0.3,0.9,0.8
elderly_headed_hh,percentiles_96_99,2007,1.6,1.9,0.2,1.0,1.5
elderly_headed_hh,percentiles_96_99,2008,1.1,1.5,,0.3,0.7
elderly_headed_hh,percentiles_96_99,2009,0.9,1.1,0.1,0.8,0.5
elderly_headed_hh,percentiles_96_99,2010,0.9,1.2,0.2,0.5,0.4
elderly_headed_hh,percentiles_96_99,2011,0.4,0.5,0.1,0.3,0.3
elderly_headed_hh,percentiles_96_99,2012,0.7,0.8,0.1,0.9,0.7
elderly_headed_hh,percentiles_96_99,2013,1.0,1.3,0.2,0.7,0.6
elderly_headed_hh,percentiles_96_99,2014,0.7,0.8,0.1,0.7,0.7
elderly_headed_hh,top_1_percent,1979,0.2,0.3,,0.4,0.1
elderly_headed_hh,top_1_percent,1980,0.1,0.1,0.1,0.2,
elderly_headed_hh,top_1_percent,1981,0.1,,,0.2,0.1
elderly_headed_hh,top_1_percent,1982,0.1,0.3,,,
elderly_headed_hh,top_1_percent,1983,,,,,0.1
elderly_headed_hh,top_1_percent,1984,0.1,0.1,,0.1,0.1
elderly_headed_hh,top_1_percent,1985,0.1,,,0.1,0.1
elderly_headed_hh,top_1_percent,1986,0.1,,,0.1,0.1
elderly_headed_hh,top_1_percent,1987,0.1,,,0.1,
elderly_headed_hh,top_1_percent,1988,0.2,,,0.1,0.5
elderly_headed_hh,top_1_percent,1989,,,,0.2,
elderly_headed_hh,top_1_percent,1990,0.1,,,0.2,0.4
elderly_headed_hh,top_1_percent,1991,0.1,0.1,,0.1,
elderly_headed_hh,top_1_percent,1992,0.2,0.2,,0.4,0.1
elderly_headed_hh,top_1_percent,1993,,,,0.1,
elderly_headed_hh,top_1_percent,1994,0.2,0.2,,0.1,
elderly_headed_hh,top_1_percent,1995,0.3,0.3,0.1,0.5,
elderly_headed_hh,top_1_percent,1996,0.2,0.3,,0.3,
elderly_headed_hh,top_1_percent,1997,0.4,0.5,0.1,,
elderly_headed_hh,top_1_percent,1998,0.5,0.5,0.1,0.3,1.2
elderly_headed_hh,top_1_percent,1999,0.1,0.1,,0.1,
elderly_headed_hh,top_1_percent,2000,0.4,0.5,,0.3,
elderly_headed_hh,top_1_percent,2001,0.1,0.2,,0.1,0.1
elderly_headed_hh,top_1_percent,2002,0.1,0.1,0.2,0.2,
elderly_headed_hh,top_1_percent,2003,0.2,0.2,0.1,0.1,
elderly_headed_hh,top_1_percent,2004,0.3,0.4,,0.1,0.1
elderly_headed_hh,top_1_percent,2005,0.3,0.3,,0.2,
elderly_headed_hh,top_1_percent,2006,0.5,0.6,0.1,0.5,0.3
elderly_headed_hh,top_1_percent,2007,0.2,0.3,,0.1,0.1
elderly_headed_hh,top_1_percent,2008,0.4,0.5,0.1,0.1,0.2
elderly_headed_hh,top_1_percent,2009,0.2,0.2,,0.4,0.1
elderly_headed_hh,top_1_percent,2010,0.5,0.6,0.1,0.5,0.4
elderly_headed_hh,top_1_percent,2011,0.3,0.3,0.1,0.3,0.1
elderly_headed_hh,top_1_percent,2012,0.2,0.2,,0.3,0.1
elderly_headed_hh,top_1_percent,2013,0.2,0.2,0.1,0.2,0.1
elderly_headed_hh,top_1_percent,2014,0.3,0.4,,0.1,0.2
nonelderly_childless_hh,all_quintiles,1979,100.0,100.0,100.0,100.0,100.0
nonelderly_childless_hh,all_quintiles,1980,100.0,100.0,100.0,100.0,100.0
nonelderly_childless_hh,all_quintiles,1981,100.0,100.0,100.0,100.0,100.0
nonelderly_childless_hh,all_quintiles,1982,100.0,100.0,100.0,100.0,100.0
nonelderly_childless_hh,all_quintiles,1983,100.0,100.0,100.0,100.0,100.0
nonelderly_childless_hh,all_quintiles,1984,100.0,100.0,100.0,100.0,100.0
nonelderly_childless_hh,all_quintiles,1985,100.0,100.0,100.0,100.0,100.0
nonelderly_childless_hh,all_quintiles,1986,100.0,100.0,100.0,100.0,100.0
nonelderly_childless_hh,all_quintiles,1987,100.0,100.0,100.0,100.0,100.0
nonelderly_childless_hh,all_quintiles,1988,100.0,100.0,100.0,100.0,100.0
nonelderly_childless_hh,all_quintiles,1989,100.0,100.0,100.0,100.0,100.0
nonelderly_childless_hh,all_quintiles,1990,100.0,100.0,100.0,100.0,100.0
nonelderly_childless_hh,all_quintiles,1991,100.0,100.0,100.0,100.0,100.0
nonelderly_childless_hh,all_quintiles,1992,100.0,100.0,100.0,100.0,100.0
nonelderly_childless_hh,all_quintiles,1993,100.0,100.0,100.0,100.0,100.0
nonelderly_childless_hh,all_quintiles,1994,100.0,100.0,100.0,100.0,100.0
nonelderly_childless_hh,all_quintiles,1995,100.0,100.0,100.0,100.0,100.0
nonelderly_childless_hh,all_quintiles,1996,100.0,100.0,100.0,100.0,100.0
nonelderly_childless_hh,all_quintiles,1997,100.0,100.0,100.0,100.0,100.0
nonelderly_childless_hh,all_quintiles,1998,100.0,100.0,100.0,100.0,100.0
nonelderly_childless_hh,all_quintiles,1999,100.0,100.0,100.0,100.0,100.0
nonelderly_childless_hh,all_quintiles,2000,100.0,100.0,100.0,100.0,100.0
nonelderly_childless_hh,all_quintiles,2001,100.0,100.0,100.0,100.0,100.0
nonelderly_childless_hh,all_quintiles,2002,100.0,100.0,100.0,100.0,100.0
nonelderly_childless_hh,all_quintiles,2003,100.0,100.0,100.0,100.0,100.0
nonelderly_childless_hh,all_quintiles,2004,100.0,100.0,100.0,100.0,100.0
nonelderly_childless_hh,all_quintiles,2005,100.0,100.0,100.0,100.0,100.0
nonelderly_childless_hh,all_quintiles,2006,100.0,100.0,100.0,100.0,100.0
nonelderly_childless_hh,all_quintiles,2007,100.0,100.0,100.0,100.0,100.0
nonelderly_childless_hh,all_quintiles,2008,100.0,100.0,100.0,100.0,100.0
nonelderly_childless_hh,all_quintiles,2009,100.0,100.0,100.0,100.0,100.0
nonelderly_childless_hh,all_quintiles,2010,100.0,100.0,100.0,100.0,100.0
nonelderly_childless_hh,all_quintiles,2011,100.0,100.0,100.0,100.0,100.0
nonelderly_childless_hh,all_quintiles,2012,100.0,100.0,100.0,100.0,100.0
nonelderly_childless_hh,all_quintiles,2013,100.0,100.0,100.0,100.0,100.0
nonelderly_childless_hh,all_quintiles,2014,100.0,100.0,100.0,100.0,100.0
nonelderly_childless_hh,lowest_quintile,1979,68.6,62.4,72.2,71.1,71.9
nonelderly_childless_hh,lowest_quintile,1980,69.6,66.5,74.0,69.5,72.8
nonelderly_childless_hh,lowest_quintile,1981,69.2,63.9,74.6,70.1,73.2
nonelderly_childless_hh,lowest_quintile,1982,71.9,66.3,83.7,70.4,77.9
nonelderly_childless_hh,lowest_quintile,1983,71.5,66.9,81.2,69.1,77.6
nonelderly_childless_hh,lowest_quintile,1984,70.7,68.8,76.6,66.5,77.9
nonelderly_childless_hh,lowest_quintile,1985,71.8,67.9,82.5,67.0,81.8
nonelderly_childless_hh,lowest_quintile,1986,68.4,64.3,84.8,64.3,77.2
nonelderly_childless_hh,lowest_quintile,1987,63.8,60.8,75.2,63.0,66.3
nonelderly_childless_hh,lowest_quintile,1988,64.8,57.8,77.1,69.1,66.7
nonelderly_childless_hh,lowest_quintile,1989,60.7,57.8,74.8,57.5,69.1
nonelderly_childless_hh,lowest_quintile,1990,58.1,53.5,73.0,55.7,67.2
nonelderly_childless_hh,lowest_quintile,1991,59.4,55.3,69.1,59.8,65.5
nonelderly_childless_hh,lowest_quintile,1992,56.4,51.8,64.5,56.1,67.4
nonelderly_childless_hh,lowest_quintile,1993,58.2,53.7,67.6,60.6,62.8
nonelderly_childless_hh,lowest_quintile,1994,57.6,52.5,66.0,62.6,62.6
nonelderly_childless_hh,lowest_quintile,1995,57.1,51.3,71.0,62.5,64.0
nonelderly_childless_hh,lowest_quintile,1996,60.7,55.5,72.2,64.5,70.5
nonelderly_childless_hh,lowest_quintile,1997,60.3,54.7,75.2,65.0,74.5
nonelderly_childless_hh,lowest_quintile,1998,59.7,53.6,80.4,65.8,75.5
nonelderly_childless_hh,lowest_quintile,1999,57.3,51.9,76.3,63.6,76.5
nonelderly_childless_hh,lowest_quintile,2000,57.9,52.7,77.5,65.2,74.2
nonelderly_childless_hh,lowest_quintile,2001,57.6,52.6,78.8,65.4,71.2
nonelderly_childless_hh,lowest_quintile,2002,55.7,50.8,73.2,63.9,73.0
nonelderly_childless_hh,lowest_quintile,2003,54.0,49.2,75.5,61.2,72.0
nonelderly_childless_hh,lowest_quintile,2004,53.8,49.5,75.8,60.1,71.1
nonelderly_childless_hh,lowest_quintile,2005,51.9,47.3,74.6,58.0,70.7
nonelderly_childless_hh,lowest_quintile,2006,50.0,45.2,71.4,60.2,52.5
nonelderly_childless_hh,lowest_quintile,2007,50.2,45.6,72.5,59.7,53.1
nonelderly_childless_hh,lowest_quintile,2008,48.0,43.1,68.5,59.0,50.6
nonelderly_childless_hh,lowest_quintile,2009,48.5,43.3,63.7,60.2,50.9
nonelderly_childless_hh,lowest_quintile,2010,49.4,44.6,61.9,61.3,48.5
nonelderly_childless_hh,lowest_quintile,2011,48.4,42.4,65.5,58.7,50.6
nonelderly_childless_hh,lowest_quintile,2012,50.0,44.1,67.0,61.0,50.8
nonelderly_childless_hh,lowest_quintile,2013,51.9,46.9,65.7,65.5,46.5
nonelderly_childless_hh,lowest_quintile,2014,49.0,44.8,62.5,60.4,50.5
nonelderly_childless_hh,second_quintile,1979,14.2,15.9,15.8,12.5,14.1
nonelderly_childless_hh,second_quintile,1980,14.9,16.0,16.0,13.6,15.2
nonelderly_childless_hh,second_quintile,1981,14.5,17.2,14.6,11.6,16.0
nonelderly_childless_hh,second_quintile,1982,13.9,17.5,10.0,12.0,13.5
nonelderly_childless_hh,second_quintile,1983,12.0,14.3,10.1,10.8,11.5
nonelderly_childless_hh,second_quintile,1984,13.3,15.2,12.8,13.3,10.4
nonelderly_childless_hh,second_quintile,1985,11.7,13.3,9.4,12.2,8.9
nonelderly_childless_hh,second_quintile,1986,15.9,19.2,8.0,16.7,11.5
nonelderly_childless_hh,second_quintile,1987,16.5,18.7,13.1,14.9,17.0
nonelderly_childless_hh,second_quintile,1988,17.4,20.5,13.0,15.9,15.4
nonelderly_childless_hh,second_quintile,1989,19.1,20.6,13.6,20.6,13.8
nonelderly_childless_hh,second_quintile,1990,18.1,19.6,15.0,18.7,14.3
nonelderly_childless_hh,second_quintile,1991,18.6,19.7,19.1,16.8,19.1
nonelderly_childless_hh,second_quintile,1992,21.0,23.3,22.1,18.8,16.8
nonelderly_childless_hh,second_quintile,1993,19.0,20.9,18.1,17.0,17.2
nonelderly_childless_hh,second_quintile,1994,19.4,21.0,20.1,17.1,17.2
nonelderly_childless_hh,second_quintile,1995,21.3,23.9,17.4,17.8,19.1
nonelderly_childless_hh,second_quintile,1996,18.6,20.8,17.9,14.9,17.1
nonelderly_childless_hh,second_quintile,1997,19.2,21.2,14.9,17.4,14.6
nonelderly_childless_hh,second_quintile,1998,19.3,21.6,13.2,16.2,15.0
nonelderly_childless_hh,second_quintile,1999,20.2,22.5,14.4,16.9,13.7
nonelderly_childless_hh,second_quintile,2000,20.9,23.0,15.4,17.3,15.3
nonelderly_childless_hh,second_quintile,2001,20.7,23.2,12.8,15.6,16.0
nonelderly_childless_hh,second_quintile,2002,21.4,23.7,16.4,16.7,13.6
nonelderly_childless_hh,second_quintile,2003,21.9,23.7,15.3,18.7,16.9
nonelderly_childless_hh,second_quintile,2004,23.3,25.5,15.7,18.6,17.1
nonelderly_childless_hh,second_quintile,2005,23.0,24.8,17.0,19.4,17.0
nonelderly_childless_hh,second_quintile,2006,24.8,26.6,17.9,18.9,27.3
nonelderly_childless_hh,second_quintile,2007,24.9,26.4,17.9,19.6,28.6
nonelderly_childless_hh,second_quintile,2008,26.3,28.1,21.3,19.4,29.6
nonelderly_childless_hh,second_quintile,2009,26.7,28.3,24.4,20.2,30.3
nonelderly_childless_hh,second_quintile,2010,27.1,28.3,24.7,21.1,32.6
nonelderly_childless_hh,second_quintile,2011,27.6,29.5,23.6,21.3,30.1
nonelderly_childless_hh,second_quintile,2012,25.4,27.6,22.1,17.6,28.7
nonelderly_childless_hh,second_quintile,2013,25.5,26.7,23.1,18.1,34.2
nonelderly_childless_hh,second_quintile,2014,25.1,25.9,23.7,19.8,28.8
nonelderly_childless_hh,middle_quintile,1979,7.4,9.0,5.5,7.1,6.2
nonelderly_childless_hh,middle_quintile,1980,6.9,8.7,5.8,5.9,6.7
nonelderly_childless_hh,middle_quintile,1981,6.5,7.8,5.4,6.3,5.4
nonelderly_childless_hh,middle_quintile,1982,6.2,6.6,2.7,7.8,4.8
nonelderly_childless_hh,middle_quintile,1983,7.7,8.8,4.2,8.6,6.3
nonelderly_childless_hh,middle_quintile,1984,6.2,6.4,4.2,8.3,3.2
nonelderly_childless_hh,middle_quintile,1985,7.5,8.4,3.8,8.9,5.2
nonelderly_childless_hh,middle_quintile,1986,7.0,7.4,3.5,8.1,5.9
nonelderly_childless_hh,middle_quintile,1987,8.2,9.1,3.7,8.7,7.7
nonelderly_childless_hh,middle_quintile,1988,7.9,9.4,3.4,5.8,11.1
nonelderly_childless_hh,middle_quintile,1989,8.4,9.0,4.7,9.0,7.0
nonelderly_childless_hh,middle_quintile,1990,8.8,11.0,4.2,8.2,6.4
nonelderly_childless_hh,middle_quintile,1991,9.6,11.2,4.7,10.0,6.3
nonelderly_childless_hh,middle_quintile,1992,9.1,9.9,5.7,9.8,7.7
nonelderly_childless_hh,middle_quintile,1993,9.8,10.5,7.4,9.6,9.5
nonelderly_childless_hh,middle_quintile,1994,8.2,9.9,6.4,5.9,7.4
nonelderly_childless_hh,middle_quintile,1995,9.7,10.8,6.3,8.9,8.5
nonelderly_childless_hh,middle_quintile,1996,9.7,11.2,5.6,8.9,6.4
nonelderly_childless_hh,middle_quintile,1997,8.4,9.9,4.7,6.5,6.0
nonelderly_childless_hh,middle_quintile,1998,8.5,10.1,3.6,6.8,5.2
nonelderly_childless_hh,middle_quintile,1999,9.5,10.7,4.1,8.7,4.5
nonelderly_childless_hh,middle_quintile,2000,9.5,10.7,3.9,8.3,5.1
nonelderly_childless_hh,middle_quintile,2001,9.4,10.7,3.5,7.2,6.3
nonelderly_childless_hh,middle_quintile,2002,9.7,10.8,5.0,7.9,5.6
nonelderly_childless_hh,middle_quintile,2003,10.4,12.0,4.5,7.4,5.2
nonelderly_childless_hh,middle_quintile,2004,10.9,11.9,3.9,10.4,6.7
nonelderly_childless_hh,middle_quintile,2005,11.9,13.3,4.8,10.4,6.7
nonelderly_childless_hh,middle_quintile,2006,11.0,12.5,4.7,7.9,9.6
nonelderly_childless_hh,middle_quintile,2007,12.1,13.7,4.9,9.3,9.0
nonelderly_childless_hh,middle_quintile,2008,11.9,13.2,5.8,10.0,9.9
nonelderly_childless_hh,middle_quintile,2009,12.0,13.6,6.6,8.7,10.9
nonelderly_childless_hh,middle_quintile,2010,11.3,12.9,7.3,7.7,10.9
nonelderly_childless_hh,middle_quintile,2011,12.2,14.0,6.4,9.8,10.6
nonelderly_childless_hh,middle_quintile,2012,12.6,14.3,6.5,10.4,11.9
nonelderly_childless_hh,middle_quintile,2013,11.5,13.2,6.6,8.2,11.0
nonelderly_childless_hh,middle_quintile,2014,12.5,13.6,7.5,10.3,11.7
nonelderly_childless_hh,fourth_quintile,1979,5.9,7.7,3.8,5.5,5.0
nonelderly_childless_hh,fourth_quintile,1980,4.9,5.3,2.6,5.8,3.8
nonelderly_childless_hh,fourth_quintile,1981,4.5,5.8,2.9,4.5,3.5
nonelderly_childless_hh,fourth_quintile,1982,3.6,3.9,1.1,5.1,1.6
nonelderly_childless_hh,fourth_quintile,1983,5.4,5.6,1.7,7.6,3.0
nonelderly_childless_hh,fourth_quintile,1984,5.3,5.5,1.8,6.5,4.7
nonelderly_childless_hh,fourth_quintile,1985,4.5,5.4,1.0,6.2,1.6
nonelderly_childless_hh,fourth_quintile,1986,4.1,4.5,1.0,5.0,2.9
nonelderly_childless_hh,fourth_quintile,1987,5.9,6.1,2.5,7.2,4.4
nonelderly_childless_hh,fourth_quintile,1988,4.6,6.0,1.9,4.3,2.9
nonelderly_childless_hh,fourth_quintile,1989,5.4,5.8,1.2,7.0,2.4
nonelderly_childless_hh,fourth_quintile,1990,6.1,7.1,1.5,6.8,4.5
nonelderly_childless_hh,fourth_quintile,1991,5.9,7.2,2.4,5.8,4.2
nonelderly_childless_hh,fourth_quintile,1992,6.5,7.0,2.9,8.1,3.7
nonelderly_childless_hh,fourth_quintile,1993,6.3,7.6,2.6,6.3,4.3
nonelderly_childless_hh,fourth_quintile,1994,6.7,8.2,2.4,5.8,5.4
nonelderly_childless_hh,fourth_quintile,1995,5.7,6.6,2.3,5.6,4.2
nonelderly_childless_hh,fourth_quintile,1996,6.2,6.9,2.0,6.8,4.3
nonelderly_childless_hh,fourth_quintile,1997,6.0,7.1,2.2,5.4,2.4
nonelderly_childless_hh,fourth_quintile,1998,6.8,8.1,0.8,6.1,2.5
nonelderly_childless_hh,fourth_quintile,1999,6.6,7.7,1.5,5.7,2.2
nonelderly_childless_hh,fourth_quintile,2000,6.3,7.4,1.6,4.8,2.8
nonelderly_childless_hh,fourth_quintile,2001,6.4,7.2,2.2,5.6,2.8
nonelderly_childless_hh,fourth_quintile,2002,7.3,8.2,2.0,6.1,4.5
nonelderly_childless_hh,fourth_quintile,2003,6.9,8.0,1.5,5.8,2.2
nonelderly_childless_hh,fourth_quintile,2004,6.8,7.7,1.9,5.7,2.8
nonelderly_childless_hh,fourth_quintile,2005,6.7,7.6,1.1,6.0,2.3
nonelderly_childless_hh,fourth_quintile,2006,7.4,8.3,2.6,6.0,6.2
nonelderly_childless_hh,fourth_quintile,2007,6.5,7.5,2.2,5.1,4.8
nonelderly_childless_hh,fourth_quintile,2008,7.4,8.5,1.5,5.7,6.3
nonelderly_childless_hh,fourth_quintile,2009,7.0,8.3,2.1,5.6,4.2
nonelderly_childless_hh,fourth_quintile,2010,6.4,7.7,3.0,4.4,4.1
nonelderly_childless_hh,fourth_quintile,2011,6.8,8.1,2.2,5.6,5.1
nonelderly_childless_hh,fourth_quintile,2012,6.4,7.5,2.1,5.9,4.5
nonelderly_childless_hh,fourth_quintile,2013,6.0,7.1,2.2,4.9,4.6
nonelderly_childless_hh,fourth_quintile,2014,7.3,8.5,3.1,5.4,4.7
nonelderly_childless_hh,highest_quintile,1979,3.4,4.3,2.0,3.3,2.6
nonelderly_childless_hh,highest_quintile,1980,3.1,2.8,1.0,4.5,1.3
nonelderly_childless_hh,highest_quintile,1981,3.6,4.1,0.5,5.3,1.1
nonelderly_childless_hh,highest_quintile,1982,2.9,4.5,0.8,3.1,0.9
nonelderly_childless_hh,highest_quintile,1983,2.6,3.5,0.8,3.1,1.1
nonelderly_childless_hh,highest_quintile,1984,3.1,2.5,1.6,4.7,1.8
nonelderly_childless_hh,highest_quintile,1985,3.5,3.8,0.7,4.6,2.4
nonelderly_childless_hh,highest_quintile,1986,3.5,3.8,0.8,4.7,1.6
nonelderly_childless_hh,highest_quintile,1987,3.4,3.4,2.1,4.0,2.6
nonelderly_childless_hh,highest_quintile,1988,3.1,4.1,1.5,3.0,1.7
nonelderly_childless_hh,highest_quintile,1989,3.8,4.4,1.7,3.5,3.8
nonelderly_childless_hh,highest_quintile,1990,5.4,5.7,2.0,6.4,4.2
nonelderly_childless_hh,highest_quintile,1991,3.8,4.4,1.2,4.4,2.5
nonelderly_childless_hh,highest_quintile,1992,3.9,5.2,1.2,3.6,2.0
nonelderly_childless_hh,highest_quintile,1993,4.5,5.4,1.5,4.6,3.2
nonelderly_childless_hh,highest_quintile,1994,5.4,6.3,1.1,5.8,3.7
nonelderly_childless_hh,highest_quintile,1995,4.7,6.0,1.6,3.6,2.6
nonelderly_childless_hh,highest_quintile,1996,4.0,4.9,1.3,4.0,1.4
nonelderly_childless_hh,highest_quintile,1997,4.7,5.9,1.1,4.0,1.2
nonelderly_childless_hh,highest_quintile,1998,4.6,5.7,0.8,3.8,0.9
nonelderly_childless_hh,highest_quintile,1999,4.9,6.1,1.7,3.4,0.9
nonelderly_childless_hh,highest_quintile,2000,4.6,5.5,0.6,3.4,1.4
nonelderly_childless_hh,highest_quintile,2001,4.3,4.9,0.3,3.8,1.6
nonelderly_childless_hh,highest_quintile,2002,4.4,5.1,1.1,3.4,1.7
nonelderly_childless_hh,highest_quintile,2003,4.8,5.5,0.9,4.0,1.1
nonelderly_childless_hh,highest_quintile,2004,4.3,4.7,1.5,4.1,1.6
nonelderly_childless_hh,highest_quintile,2005,5.0,5.8,0.9,4.2,1.5
nonelderly_childless_hh,highest_quintile,2006,5.4,6.1,1.0,5.3,3.0
nonelderly_childless_hh,highest_quintile,2007,4.6,5.5,0.6,3.8,2.4
nonelderly_childless_hh,highest_quintile,2008,4.8,5.7,0.9,3.9,2.2
nonelderly_childless_hh,highest_quintile,2009,4.2,5.0,1.2,3.2,2.4
nonelderly_childless_hh,highest_quintile,2010,4.2,5.2,1.4,2.9,2.5
nonelderly_childless_hh,highest_quintile,2011,3.9,4.9,0.9,2.9,2.2
nonelderly_childless_hh,highest_quintile,2012,4.6,5.5,0.9,3.9,3.1
nonelderly_childless_hh,highest_quintile,2013,3.9,5.1,0.7,1.8,2.4
nonelderly_childless_hh,highest_quintile,2014,5.0,6.1,1.5,2.6,3.0
nonelderly_childless_hh,percentiles_81_90,1979,1.9,2.3,1.0,1.9,1.7
nonelderly_childless_hh,percentiles_81_90,1980,1.7,1.9,0.6,2.5,0.5
nonelderly_childless_hh,percentiles_81_90,1981,2.4,2.7,0.3,3.5,0.8
nonelderly_childless_hh,percentiles_81_90,1982,1.7,2.5,0.5,1.8,0.6
nonelderly_childless_hh,percentiles_81_90,1983,1.3,2.0,0.5,1.4,0.5
nonelderly_childless_hh,percentiles_81_90,1984,1.6,1.5,0.8,2.3,1.0
nonelderly_childless_hh,percentiles_81_90,1985,2.3,2.3,0.4,3.3,1.4
nonelderly_childless_hh,percentiles_81_90,1986,2.1,2.2,0.5,2.9,0.9
nonelderly_childless_hh,percentiles_81_90,1987,1.5,1.7,0.9,1.9,0.8
nonelderly_childless_hh,percentiles_81_90,1988,1.4,2.1,0.7,1.2,0.7
nonelderly_childless_hh,percentiles_81_90,1989,1.8,2.4,0.8,1.7,1.0
nonelderly_childless_hh,percentiles_81_90,1990,3.0,3.5,1.1,3.2,2.4
nonelderly_childless_hh,percentiles_81_90,1991,2.1,2.2,0.6,2.7,1.8
nonelderly_childless_hh,percentiles_81_90,1992,2.0,2.8,0.5,1.6,1.3
nonelderly_childless_hh,percentiles_81_90,1993,2.3,2.8,0.7,2.3,1.3
nonelderly_childless_hh,percentiles_81_90,1994,3.2,3.4,0.6,4.0,2.0
nonelderly_childless_hh,percentiles_81_90,1995,2.5,3.2,0.6,2.2,1.0
nonelderly_childless_hh,percentiles_81_90,1996,2.7,3.1,1.1,3.0,0.9
nonelderly_childless_hh,percentiles_81_90,1997,2.5,3.2,0.9,2.1,0.3
nonelderly_childless_hh,percentiles_81_90,1998,2.9,3.5,0.7,2.6,0.3
nonelderly_childless_hh,percentiles_81_90,1999,2.8,3.4,1.1,1.9,0.6
nonelderly_childless_hh,percentiles_81_90,2000,2.9,3.5,0.2,2.2,0.7
nonelderly_childless_hh,percentiles_81_90,2001,2.2,2.6,0.2,1.6,0.9
nonelderly_childless_hh,percentiles_81_90,2002,2.7,3.1,0.4,2.2,1.1
nonelderly_childless_hh,percentiles_81_90,2003,2.7,3.2,0.3,2.3,0.7
nonelderly_childless_hh,percentiles_81_90,2004,2.7,3.0,0.8,2.6,1.0
nonelderly_childless_hh,percentiles_81_90,2005,2.8,3.2,0.5,2.4,0.8
nonelderly_childless_hh,percentiles_81_90,2006,3.3,3.8,0.5,3.1,1.9
nonelderly_childless_hh,percentiles_81_90,2007,2.7,3.1,0.4,2.2,1.3
nonelderly_childless_hh,percentiles_81_90,2008,2.9,3.6,0.6,1.8,1.3
nonelderly_childless_hh,percentiles_81_90,2009,2.4,3.0,0.6,1.9,1.3
nonelderly_childless_hh,percentiles_81_90,2010,2.4,3.1,0.7,1.5,1.2
nonelderly_childless_hh,percentiles_81_90,2011,2.4,3.0,0.5,2.0,1.4
nonelderly_childless_hh,percentiles_81_90,2012,2.7,3.4,0.4,2.4,1.6
nonelderly_childless_hh,percentiles_81_90,2013,2.1,2.7,0.4,1.1,1.3
nonelderly_childless_hh,percentiles_81_90,2014,2.9,3.6,0.8,1.4,2.0
nonelderly_childless_hh,percentiles_91_95,1979,0.8,0.7,0.6,1.1,0.2
nonelderly_childless_hh,percentiles_91_95,1980,0.5,0.5,0.2,0.7,0.3
nonelderly_childless_hh,percentiles_91_95,1981,0.8,1.0,0.1,1.1,0.1
nonelderly_childless_hh,percentiles_91_95,1982,0.6,0.7,0.1,0.8,0.1
nonelderly_childless_hh,percentiles_91_95,1983,0.8,1.1,,0.9,0.3
nonelderly_childless_hh,percentiles_91_95,1984,0.6,0.4,0.2,1.0,0.3
nonelderly_childless_hh,percentiles_91_95,1985,0.5,0.4,0.2,0.7,0.5
nonelderly_childless_hh,percentiles_91_95,1986,0.6,0.7,0.2,0.8,0.2
nonelderly_childless_hh,percentiles_91_95,1987,0.6,0.5,0.4,0.7,0.5
nonelderly_childless_hh,percentiles_91_95,1988,0.8,1.1,0.3,0.9,0.4
nonelderly_childless_hh,percentiles_91_95,1989,0.9,1.0,0.2,0.6,1.6
nonelderly_childless_hh,percentiles_91_95,1990,1.1,1.1,0.3,1.4,0.8
nonelderly_childless_hh,percentiles_91_95,1991,0.6,0.9,0.2,0.4,0.3
nonelderly_childless_hh,percentiles_91_95,1992,1.2,1.6,0.4,1.1,0.4
nonelderly_childless_hh,percentiles_91_95,1993,1.4,1.7,0.5,1.3,1.2
nonelderly_childless_hh,percentiles_91_95,1994,1.1,1.6,0.1,0.9,0.3
nonelderly_childless_hh,percentiles_91_95,1995,1.2,1.5,0.4,0.9,1.0
nonelderly_childless_hh,percentiles_91_95,1996,0.8,1.1,0.1,0.7,0.2
nonelderly_childless_hh,percentiles_91_95,1997,1.2,1.4,,1.1,0.6
nonelderly_childless_hh,percentiles_91_95,1998,1.0,1.3,0.1,0.7,0.2
nonelderly_childless_hh,percentiles_91_95,1999,1.2,1.5,0.2,1.0,0.1
nonelderly_childless_hh,percentiles_91_95,2000,1.0,1.2,0.3,0.8,0.4
nonelderly_childless_hh,percentiles_91_95,2001,1.1,1.2,,1.1,0.3
nonelderly_childless_hh,percentiles_91_95,2002,1.0,1.3,0.4,0.6,0.4
nonelderly_childless_hh,percentiles_91_95,2003,1.3,1.5,0.1,1.1,0.1
nonelderly_childless_hh,percentiles_91_95,2004,0.8,0.9,0.3,0.7,0.2
nonelderly_childless_hh,percentiles_91_95,2005,1.2,1.4,0.2,1.0,0.3
nonelderly_childless_hh,percentiles_91_95,2006,1.3,1.4,0.3,1.4,0.7
nonelderly_childless_hh,percentiles_91_95,2007,1.2,1.5,0.1,0.9,0.7
nonelderly_childless_hh,percentiles_91_95,2008,1.1,1.3,0.2,1.1,0.4
nonelderly_childless_hh,percentiles_91_95,2009,0.8,1.0,0.4,0.5,0.8
nonelderly_childless_hh,percentiles_91_95,2010,0.9,1.0,0.4,0.7,0.8
nonelderly_childless_hh,percentiles_91_95,2011,0.8,1.0,0.1,0.5,0.5
nonelderly_childless_hh,percentiles_91_95,2012,1.0,1.2,0.3,0.9,0.9
nonelderly_childless_hh,percentiles_91_95,2013,1.1,1.4,0.1,0.4,0.6
nonelderly_childless_hh,percentiles_91_95,2014,1.2,1.5,0.4,0.7,0.6
nonelderly_childless_hh,percentiles_96_99,1979,0.7,1.2,0.3,0.3,0.7
nonelderly_childless_hh,percentiles_96_99,1980,0.7,0.4,0.2,1.2,0.4
nonelderly_childless_hh,percentiles_96_99,1981,0.3,0.2,0.1,0.5,0.1
nonelderly_childless_hh,percentiles_96_99,1982,0.5,0.9,0.1,0.3,0.2
nonelderly_childless_hh,percentiles_96_99,1983,0.4,0.3,0.3,0.7,0.2
nonelderly_childless_hh,percentiles_96_99,1984,0.5,0.3,0.3,1.0,0.3
nonelderly_childless_hh,percentiles_96_99,1985,0.6,0.9,,0.6,0.4
nonelderly_childless_hh,percentiles_96_99,1986,0.6,0.8,0.1,0.8,0.3
nonelderly_childless_hh,percentiles_96_99,1987,0.9,0.9,0.6,1.0,1.1
nonelderly_childless_hh,percentiles_96_99,1988,0.7,0.6,0.4,0.9,0.4
nonelderly_childless_hh,percentiles_96_99,1989,0.8,0.8,0.5,0.9,1.0
nonelderly_childless_hh,percentiles_96_99,1990,1.0,0.9,0.5,1.5,0.8
nonelderly_childless_hh,percentiles_96_99,1991,0.8,1.0,0.2,0.8,0.3
nonelderly_childless_hh,percentiles_96_99,1992,0.6,0.5,0.2,0.9,0.2
nonelderly_childless_hh,percentiles_96_99,1993,0.5,0.5,0.2,0.5,0.5
nonelderly_childless_hh,percentiles_96_99,1994,0.9,1.1,0.2,0.7,1.1
nonelderly_childless_hh,percentiles_96_99,1995,0.9,1.2,0.3,0.4,0.5
nonelderly_childless_hh,percentiles_96_99,1996,0.4,0.6,0.1,0.3,0.3
nonelderly_childless_hh,percentiles_96_99,1997,0.9,1.2,0.2,0.6,0.3
nonelderly_childless_hh,percentiles_96_99,1998,0.6,0.8,0.1,0.4,0.3
nonelderly_childless_hh,percentiles_96_99,1999,0.9,1.1,0.4,0.4,0.2
nonelderly_childless_hh,percentiles_96_99,2000,0.5,0.7,0.1,0.4,0.2
nonelderly_childless_hh,percentiles_96_99,2001,0.9,1.0,0.1,1.0,0.3
nonelderly_childless_hh,percentiles_96_99,2002,0.4,0.5,0.1,0.3,0.2
nonelderly_childless_hh,percentiles_96_99,2003,0.6,0.7,0.4,0.5,0.1
nonelderly_childless_hh,percentiles_96_99,2004,0.6,0.6,0.3,0.8,0.3
nonelderly_childless_hh,percentiles_96_99,2005,0.8,1.0,0.1,0.7,0.4
nonelderly_childless_hh,percentiles_96_99,2006,0.7,0.7,0.2,0.7,0.4
nonelderly_childless_hh,percentiles_96_99,2007,0.6,0.7,0.1,0.6,0.3
nonelderly_childless_hh,percentiles_96_99,2008,0.7,0.7,0.1,1.0,0.5
nonelderly_childless_hh,percentiles_96_99,2009,0.7,0.9,0.2,0.7,0.4
nonelderly_childless_hh,percentiles_96_99,2010,0.7,0.9,0.2,0.6,0.4
nonelderly_childless_hh,percentiles_96_99,2011,0.5,0.6,0.2,0.3,0.2
nonelderly_childless_hh,percentiles_96_99,2012,0.6,0.7,0.2,0.3,0.5
nonelderly_childless_hh,percentiles_96_99,2013,0.6,0.7,0.1,0.2,0.3
nonelderly_childless_hh,percentiles_96_99,2014,0.7,0.9,0.2,0.4,0.3
nonelderly_childless_hh,top_1_percent,1979,0.1,0.1,,,0.1
nonelderly_childless_hh,top_1_percent,1980,0.1,0.1,,0.2,
nonelderly_childless_hh,top_1_percent,1981,0.2,0.2,,0.2,
nonelderly_childless_hh,top_1_percent,1982,0.2,0.4,,0.2,
nonelderly_childless_hh,top_1_percent,1983,0.1,0.1,0.1,0.1,0.1
nonelderly_childless_hh,top_1_percent,1984,0.3,0.2,0.3,0.4,0.2
nonelderly_childless_hh,top_1_percent,1985,0.1,0.1,,0.1,0.1
nonelderly_childless_hh,top_1_percent,1986,0.1,,,0.2,0.2
nonelderly_childless_hh,top_1_percent,1987,0.3,0.3,0.2,0.4,0.2
nonelderly_childless_hh,top_1_percent,1988,0.2,0.3,0.2,0.1,0.2
nonelderly_childless_hh,top_1_percent,1989,0.2,0.2,0.2,0.2,0.2
nonelderly_childless_hh,top_1_percent,1990,0.2,0.2,0.1,0.4,0.1
nonelderly_childless_hh,top_1_percent,1991,0.3,0.3,0.2,0.5,0.1
nonelderly_childless_hh,top_1_percent,1992,0.2,0.2,0.1,0.1,0.1
nonelderly_childless_hh,top_1_percent,1993,0.3,0.3,0.1,0.6,0.1
nonelderly_childless_hh,top_1_percent,1994,0.2,0.2,0.1,0.2,0.2
nonelderly_childless_hh,top_1_percent,1995,0.1,0.1,0.3,0.1,0.1
nonelderly_childless_hh,top_1_percent,1996,0.1,0.1,,,0.1
nonelderly_childless_hh,top_1_percent,1997,0.1,0.1,,0.1,
nonelderly_childless_hh,top_1_percent,1998,0.1,0.2,,0.1,
nonelderly_childless_hh,top_1_percent,1999,0.1,0.1,,0.1,
nonelderly_childless_hh,top_1_percent,2000,0.1,0.2,,,0.1
nonelderly_childless_hh,top_1_percent,2001,0.1,0.1,,0.2,
nonelderly_childless_hh,top_1_percent,2002,0.2,0.2,0.2,0.2,
nonelderly_childless_hh,top_1_percent,2003,0.1,0.1,0.1,0.2,0.2
nonelderly_childless_hh,top_1_percent,2004,0.1,0.1,0.1,0.1,0.1
nonelderly_childless_hh,top_1_percent,2005,0.2,0.2,0.1,0.1,0.1
nonelderly_childless_hh,top_1_percent,2006,0.1,0.1,0.1,0.1,0.1
nonelderly_childless_hh,top_1_percent,2007,0.1,0.1,,0.1,0.1
nonelderly_childless_hh,top_1_percent,2008,0.1,0.1,,0.1,0.1
nonelderly_childless_hh,top_1_percent,2009,0.2,0.2,,0.1,0.1
nonelderly_childless_hh,top_1_percent,2010,0.2,0.2,0.1,0.1,
nonelderly_childless_hh,top_1_percent,2011,0.2,0.3,,0.2,0.1
nonelderly_childless_hh,top_1_percent,2012,0.2,0.2,,0.3,0.1
nonelderly_childless_hh,top_1_percent,2013,0.2,0.2,,,0.1
nonelderly_childless_hh,top_1_percent,2014,0.1,0.2,0.1,0.1,0.1
