household_type,income_group,year,inc_before_transfers_taxes,inc_after_transfers_taxes
all_households,all_quintiles,1979,100.0,100.0
all_households,all_quintiles,1980,100.0,100.0
all_households,all_quintiles,1981,100.0,100.0
all_households,all_quintiles,1982,100.0,100.0
all_households,all_quintiles,1983,100.0,100.0
all_households,all_quintiles,1984,100.0,100.0
all_households,all_quintiles,1985,100.0,100.0
all_households,all_quintiles,1986,100.0,100.0
all_households,all_quintiles,1987,100.0,100.0
all_households,all_quintiles,1988,100.0,100.0
all_households,all_quintiles,1989,100.0,100.0
all_households,all_quintiles,1990,100.0,100.0
all_households,all_quintiles,1991,100.0,100.0
all_households,all_quintiles,1992,100.0,100.0
all_households,all_quintiles,1993,100.0,100.0
all_households,all_quintiles,1994,100.0,100.0
all_households,all_quintiles,1995,100.0,100.0
all_households,all_quintiles,1996,100.0,100.0
all_households,all_quintiles,1997,100.0,100.0
all_households,all_quintiles,1998,100.0,100.0
all_households,all_quintiles,1999,100.0,100.0
all_households,all_quintiles,2000,100.0,100.0
all_households,all_quintiles,2001,100.0,100.0
all_households,all_quintiles,2002,100.0,100.0
all_households,all_quintiles,2003,100.0,100.0
all_households,all_quintiles,2004,100.0,100.0
all_households,all_quintiles,2005,100.0,100.0
all_households,all_quintiles,2006,100.0,100.0
all_households,all_quintiles,2007,100.0,100.0
all_households,all_quintiles,2008,100.0,100.0
all_households,all_quintiles,2009,100.0,100.0
all_households,all_quintiles,2010,100.0,100.0
all_households,all_quintiles,2011,100.0,100.0
all_households,all_quintiles,2012,100.0,100.0
all_households,all_quintiles,2013,100.0,100.0
all_households,all_quintiles,2014,100.0,100.0
all_households,lowest_quintile,1979,5.0,7.7
all_households,lowest_quintile,1980,4.9,7.7
all_households,lowest_quintile,1981,4.7,7.4
all_households,lowest_quintile,1982,4.4,6.9
all_households,lowest_quintile,1983,4.1,6.5
all_households,lowest_quintile,1984,4.3,6.6
all_households,lowest_quintile,1985,4.1,6.5
all_households,lowest_quintile,1986,3.9,6.1
all_households,lowest_quintile,1987,3.7,6.1
all_households,lowest_quintile,1988,3.7,6.0
all_households,lowest_quintile,1989,3.8,6.1
all_households,lowest_quintile,1990,3.9,6.5
all_households,lowest_quintile,1991,4.0,6.8
all_households,lowest_quintile,1992,3.8,6.6
all_households,lowest_quintile,1993,3.8,6.8
all_households,lowest_quintile,1994,3.7,6.8
all_households,lowest_quintile,1995,4.0,7.0
all_households,lowest_quintile,1996,3.8,6.6
all_households,lowest_quintile,1997,3.9,6.6
all_households,lowest_quintile,1998,4.0,6.6
all_households,lowest_quintile,1999,4.0,6.5
all_households,lowest_quintile,2000,3.8,6.3
all_households,lowest_quintile,2001,3.9,6.6
all_households,lowest_quintile,2002,4.0,6.8
all_households,lowest_quintile,2003,3.9,6.7
all_households,lowest_quintile,2004,3.8,6.5
all_households,lowest_quintile,2005,3.7,6.4
all_households,lowest_quintile,2006,3.6,6.1
all_households,lowest_quintile,2007,3.9,6.4
all_households,lowest_quintile,2008,4.0,6.8
all_households,lowest_quintile,2009,3.9,7.0
all_households,lowest_quintile,2010,3.9,7.1
all_households,lowest_quintile,2011,3.9,7.0
all_households,lowest_quintile,2012,3.6,6.6
all_households,lowest_quintile,2013,3.8,7.0
all_households,lowest_quintile,2014,3.6,6.9
all_households,second_quintile,1979,11.2,12.3
all_households,second_quintile,1980,11.0,12.2
all_households,second_quintile,1981,10.9,12.1
all_households,second_quintile,1982,10.7,11.7
all_households,second_quintile,1983,10.5,11.4
all_households,second_quintile,1984,10.4,11.3
all_households,second_quintile,1985,10.2,11.0
all_households,second_quintile,1986,9.7,10.5
all_households,second_quintile,1987,10.1,11.1
all_households,second_quintile,1988,9.8,10.8
all_households,second_quintile,1989,9.9,10.9
all_households,second_quintile,1990,10.1,11.1
all_households,second_quintile,1991,10.1,11.2
all_households,second_quintile,1992,9.9,11.2
all_households,second_quintile,1993,10.0,11.3
all_households,second_quintile,1994,9.9,11.4
all_households,second_quintile,1995,9.9,11.3
all_households,second_quintile,1996,9.6,11.0
all_households,second_quintile,1997,9.3,10.7
all_households,second_quintile,1998,9.1,10.6
all_households,second_quintile,1999,8.9,10.4
all_households,second_quintile,2000,8.8,10.3
all_households,second_quintile,2001,9.2,10.8
all_households,second_quintile,2002,9.4,11.1
all_households,second_quintile,2003,9.2,10.9
all_households,second_quintile,2004,9.0,10.8
all_households,second_quintile,2005,8.6,10.3
all_households,second_quintile,2006,8.5,10.2
all_households,second_quintile,2007,8.6,10.2
all_households,second_quintile,2008,9.0,10.8
all_households,second_quintile,2009,9.4,11.3
all_households,second_quintile,2010,9.2,11.2
all_households,second_quintile,2011,9.1,11.1
all_households,second_quintile,2012,8.5,10.6
all_households,second_quintile,2013,8.8,11.0
all_households,second_quintile,2014,8.6,10.9
all_households,middle_quintile,1979,16.0,16.4
all_households,middle_quintile,1980,16.0,16.4
all_households,middle_quintile,1981,16.1,16.4
all_households,middle_quintile,1982,15.9,16.2
all_households,middle_quintile,1983,15.7,16.0
all_households,middle_quintile,1984,15.6,15.9
all_households,middle_quintile,1985,15.4,15.7
all_households,middle_quintile,1986,14.9,15.2
all_households,middle_quintile,1987,15.6,16.1
all_households,middle_quintile,1988,15.1,15.5
all_households,middle_quintile,1989,15.2,15.6
all_households,middle_quintile,1990,15.2,15.6
all_households,middle_quintile,1991,15.6,16.0
all_households,middle_quintile,1992,15.3,15.7
all_households,middle_quintile,1993,15.3,15.9
all_households,middle_quintile,1994,15.3,15.9
all_households,middle_quintile,1995,15.1,15.7
all_households,middle_quintile,1996,14.7,15.4
all_households,middle_quintile,1997,14.4,15.0
all_households,middle_quintile,1998,14.2,14.9
all_households,middle_quintile,1999,13.8,14.7
all_households,middle_quintile,2000,13.6,14.5
all_households,middle_quintile,2001,14.3,15.2
all_households,middle_quintile,2002,14.6,15.4
all_households,middle_quintile,2003,14.4,15.2
all_households,middle_quintile,2004,14.0,14.8
all_households,middle_quintile,2005,13.5,14.3
all_households,middle_quintile,2006,13.3,14.2
all_households,middle_quintile,2007,13.2,14.1
all_households,middle_quintile,2008,13.9,14.8
all_households,middle_quintile,2009,14.5,15.4
all_households,middle_quintile,2010,14.2,15.2
all_households,middle_quintile,2011,14.1,15.0
all_households,middle_quintile,2012,13.5,14.5
all_households,middle_quintile,2013,13.9,15.0
all_households,middle_quintile,2014,13.4,14.6
all_households,fourth_quintile,1979,22.4,22.1
all_households,fourth_quintile,1980,22.4,22.1
all_households,fourth_quintile,1981,22.5,22.0
all_households,fourth_quintile,1982,22.5,22.0
all_households,fourth_quintile,1983,22.5,22.1
all_households,fourth_quintile,1984,22.4,22.0
all_households,fourth_quintile,1985,22.1,21.7
all_households,fourth_quintile,1986,21.4,21.0
all_households,fourth_quintile,1987,22.4,22.2
all_households,fourth_quintile,1988,21.8,21.7
all_households,fourth_quintile,1989,21.9,21.7
all_households,fourth_quintile,1990,22.0,21.7
all_households,fourth_quintile,1991,22.1,21.8
all_households,fourth_quintile,1992,21.9,21.6
all_households,fourth_quintile,1993,22.0,21.8
all_households,fourth_quintile,1994,22.0,21.8
all_households,fourth_quintile,1995,21.7,21.6
all_households,fourth_quintile,1996,21.3,21.3
all_households,fourth_quintile,1997,20.7,20.8
all_households,fourth_quintile,1998,20.5,20.5
all_households,fourth_quintile,1999,20.2,20.3
all_households,fourth_quintile,2000,19.9,20.0
all_households,fourth_quintile,2001,21.0,21.0
all_households,fourth_quintile,2002,21.3,21.3
all_households,fourth_quintile,2003,21.1,21.0
all_households,fourth_quintile,2004,20.5,20.5
all_households,fourth_quintile,2005,19.9,19.9
all_households,fourth_quintile,2006,19.6,19.7
all_households,fourth_quintile,2007,19.3,19.4
all_households,fourth_quintile,2008,20.4,20.4
all_households,fourth_quintile,2009,21.5,21.3
all_households,fourth_quintile,2010,20.8,20.8
all_households,fourth_quintile,2011,20.9,20.8
all_households,fourth_quintile,2012,20.1,20.1
all_households,fourth_quintile,2013,20.7,20.8
all_households,fourth_quintile,2014,20.3,20.4
all_households,highest_quintile,1979,45.6,41.8
all_households,highest_quintile,1980,46.0,42.1
all_households,highest_quintile,1981,46.2,42.6
all_households,highest_quintile,1982,47.0,43.8
all_households,highest_quintile,1983,47.9,44.8
all_households,highest_quintile,1984,48.0,45.1
all_households,highest_quintile,1985,48.8,45.9
all_households,highest_quintile,1986,50.8,48.0
all_households,highest_quintile,1987,49.0,45.5
all_households,highest_quintile,1988,50.4,47.0
all_households,highest_quintile,1989,50.0,46.6
all_households,highest_quintile,1990,49.5,46.1
all_households,highest_quintile,1991,49.0,45.3
all_households,highest_quintile,1992,49.9,45.9
all_households,highest_quintile,1993,49.8,45.3
all_households,highest_quintile,1994,49.8,45.1
all_households,highest_quintile,1995,50.2,45.4
all_households,highest_quintile,1996,51.3,46.5
all_households,highest_quintile,1997,52.4,47.7
all_households,highest_quintile,1998,52.9,48.2
all_households,highest_quintile,1999,53.7,48.9
all_households,highest_quintile,2000,54.4,49.6
all_households,highest_quintile,2001,52.3,47.3
all_households,highest_quintile,2002,51.4,46.3
all_households,highest_quintile,2003,52.1,47.1
all_households,highest_quintile,2004,53.4,48.3
all_households,highest_quintile,2005,55.0,49.8
all_households,highest_quintile,2006,55.6,50.5
all_households,highest_quintile,2007,55.7,50.9
all_households,highest_quintile,2008,53.9,48.5
all_households,highest_quintile,2009,52.3,46.6
all_households,highest_quintile,2010,53.2,47.4
all_households,highest_quintile,2011,53.5,47.7
all_households,highest_quintile,2012,55.6,49.8
all_households,highest_quintile,2013,54.2,48.0
all_households,highest_quintile,2014,55.3,48.7
all_households,percentiles_81_90,1979,15.3,14.7
all_households,percentiles_81_90,1980,15.4,14.7
all_households,percentiles_81_90,1981,15.5,14.7
all_households,percentiles_81_90,1982,15.7,15.0
all_households,percentiles_81_90,1983,15.7,15.0
all_households,percentiles_81_90,1984,15.5,14.9
all_households,percentiles_81_90,1985,15.5,14.9
all_households,percentiles_81_90,1986,15.0,14.4
all_households,percentiles_81_90,1987,15.7,15.1
all_households,percentiles_81_90,1988,15.3,14.7
all_households,percentiles_81_90,1989,15.3,14.7
all_households,percentiles_81_90,1990,15.3,14.6
all_households,percentiles_81_90,1991,15.4,14.7
all_households,percentiles_81_90,1992,15.3,14.6
all_households,percentiles_81_90,1993,15.4,14.7
all_households,percentiles_81_90,1994,15.4,14.7
all_households,percentiles_81_90,1995,15.2,14.6
all_households,percentiles_81_90,1996,15.0,14.5
all_households,percentiles_81_90,1997,14.9,14.4
all_households,percentiles_81_90,1998,14.7,14.1
all_households,percentiles_81_90,1999,14.4,13.9
all_households,percentiles_81_90,2000,14.3,13.8
all_households,percentiles_81_90,2001,14.9,14.2
all_households,percentiles_81_90,2002,15.1,14.4
all_households,percentiles_81_90,2003,15.1,14.4
all_households,percentiles_81_90,2004,14.7,14.1
all_households,percentiles_81_90,2005,14.3,13.7
all_households,percentiles_81_90,2006,14.1,13.7
all_households,percentiles_81_90,2007,14.0,13.5
all_households,percentiles_81_90,2008,14.6,13.9
all_households,percentiles_81_90,2009,15.3,14.5
all_households,percentiles_81_90,2010,14.9,14.2
all_households,percentiles_81_90,2011,15.0,14.2
all_households,percentiles_81_90,2012,14.6,13.9
all_households,percentiles_81_90,2013,15.1,14.4
all_households,percentiles_81_90,2014,14.8,14.1
all_households,percentiles_91_95,1979,9.9,9.3
all_households,percentiles_91_95,1980,10.0,9.3
all_households,percentiles_91_95,1981,10.1,9.4
all_households,percentiles_91_95,1982,10.1,9.5
all_households,percentiles_91_95,1983,10.1,9.6
all_households,percentiles_91_95,1984,10.1,9.6
all_households,percentiles_91_95,1985,10.1,9.6
all_households,percentiles_91_95,1986,9.9,9.4
all_households,percentiles_91_95,1987,10.2,9.6
all_households,percentiles_91_95,1988,9.9,9.4
all_households,percentiles_91_95,1989,10.1,9.5
all_households,percentiles_91_95,1990,10.1,9.5
all_households,percentiles_91_95,1991,10.2,9.5
all_households,percentiles_91_95,1992,10.1,9.5
all_households,percentiles_91_95,1993,10.2,9.6
all_households,percentiles_91_95,1994,10.2,9.5
all_households,percentiles_91_95,1995,10.2,9.5
all_households,percentiles_91_95,1996,10.1,9.5
all_households,percentiles_91_95,1997,10.1,9.5
all_households,percentiles_91_95,1998,10.0,9.4
all_households,percentiles_91_95,1999,9.9,9.3
all_households,percentiles_91_95,2000,9.8,9.2
all_households,percentiles_91_95,2001,10.1,9.4
all_households,percentiles_91_95,2002,10.2,9.4
all_households,percentiles_91_95,2003,10.2,9.5
all_households,percentiles_91_95,2004,10.0,9.3
all_households,percentiles_91_95,2005,9.9,9.3
all_households,percentiles_91_95,2006,9.8,9.2
all_households,percentiles_91_95,2007,9.7,9.1
all_households,percentiles_91_95,2008,10.0,9.3
all_households,percentiles_91_95,2009,10.4,9.5
all_households,percentiles_91_95,2010,10.2,9.4
all_households,percentiles_91_95,2011,10.3,9.5
all_households,percentiles_91_95,2012,10.1,9.3
all_households,percentiles_91_95,2013,10.3,9.5
all_households,percentiles_91_95,2014,10.3,9.5
all_households,percentiles_96_99,1979,11.5,10.5
all_households,percentiles_96_99,1980,11.6,10.6
all_households,percentiles_96_99,1981,11.7,10.7
all_households,percentiles_96_99,1982,11.7,10.8
all_households,percentiles_96_99,1983,11.9,11.1
all_households,percentiles_96_99,1984,11.8,11.1
all_households,percentiles_96_99,1985,11.9,11.2
all_households,percentiles_96_99,1986,12.1,11.4
all_households,percentiles_96_99,1987,12.1,11.2
all_households,percentiles_96_99,1988,12.0,11.2
all_households,percentiles_96_99,1989,12.2,11.4
all_households,percentiles_96_99,1990,12.2,11.3
all_households,percentiles_96_99,1991,12.3,11.3
all_households,percentiles_96_99,1992,12.4,11.3
all_households,percentiles_96_99,1993,12.4,11.3
all_households,percentiles_96_99,1994,12.4,11.3
all_households,percentiles_96_99,1995,12.5,11.4
all_households,percentiles_96_99,1996,12.6,11.5
all_households,percentiles_96_99,1997,12.7,11.6
all_households,percentiles_96_99,1998,12.7,11.6
all_households,percentiles_96_99,1999,12.9,11.7
all_households,percentiles_96_99,2000,12.9,11.7
all_households,percentiles_96_99,2001,12.7,11.5
all_households,percentiles_96_99,2002,12.8,11.5
all_households,percentiles_96_99,2003,12.8,11.5
all_households,percentiles_96_99,2004,12.7,11.5
all_households,percentiles_96_99,2005,13.0,11.7
all_households,percentiles_96_99,2006,13.1,11.8
all_households,percentiles_96_99,2007,13.0,11.7
all_households,percentiles_96_99,2008,12.9,11.4
all_households,percentiles_96_99,2009,12.8,11.3
all_households,percentiles_96_99,2010,12.8,11.3
all_households,percentiles_96_99,2011,13.0,11.5
all_households,percentiles_96_99,2012,13.1,11.6
all_households,percentiles_96_99,2013,13.3,11.8
all_households,percentiles_96_99,2014,13.5,11.8
all_households,top_1_percent,1979,9.0,7.4
all_households,top_1_percent,1980,9.0,7.5
all_households,top_1_percent,1981,9.0,7.8
all_households,top_1_percent,1982,9.5,8.5
all_households,top_1_percent,1983,10.2,9.2
all_households,top_1_percent,1984,10.6,9.5
all_households,top_1_percent,1985,11.3,10.3
all_households,top_1_percent,1986,13.8,12.8
all_households,top_1_percent,1987,11.1,9.6
all_households,top_1_percent,1988,13.2,11.7
all_households,top_1_percent,1989,12.3,11.0
all_households,top_1_percent,1990,12.0,10.7
all_households,top_1_percent,1991,11.1,9.7
all_households,top_1_percent,1992,12.1,10.5
all_households,top_1_percent,1993,11.7,9.7
all_households,top_1_percent,1994,11.8,9.6
all_households,top_1_percent,1995,12.3,10.0
all_households,top_1_percent,1996,13.6,11.1
all_households,top_1_percent,1997,14.7,12.2
all_households,top_1_percent,1998,15.5,13.1
all_households,top_1_percent,1999,16.5,14.0
all_households,top_1_percent,2000,17.5,14.9
all_households,top_1_percent,2001,14.6,12.2
all_households,top_1_percent,2002,13.3,11.0
all_households,top_1_percent,2003,14.1,11.8
all_households,top_1_percent,2004,16.0,13.5
all_households,top_1_percent,2005,17.9,15.1
all_households,top_1_percent,2006,18.6,15.9
all_households,top_1_percent,2007,19.1,16.6
all_households,top_1_percent,2008,16.4,13.9
all_households,top_1_percent,2009,13.7,11.3
all_households,top_1_percent,2010,15.3,12.6
all_households,top_1_percent,2011,15.1,12.5
all_households,top_1_percent,2012,17.8,14.9
all_households,top_1_percent,2013,15.4,12.3
all_households,top_1_percent,2014,16.7,13.3
hh_with_children,all_quintiles,1979,100.0,100.0
hh_with_children,all_quintiles,1980,100.0,100.0
hh_with_children,all_quintiles,1981,100.0,100.0
hh_with_children,all_quintiles,1982,100.0,100.0
hh_with_children,all_quintiles,1983,100.0,100.0
hh_with_children,all_quintiles,1984,100.0,100.0
hh_with_children,all_quintiles,1985,100.0,100.0
hh_with_children,all_quintiles,1986,100.0,100.0
hh_with_children,all_quintiles,1987,100.0,100.0
hh_with_children,all_quintiles,1988,100.0,100.0
hh_with_children,all_quintiles,1989,100.0,100.0
hh_with_children,all_quintiles,1990,100.0,100.0
hh_with_children,all_quintiles,1991,100.0,100.0
hh_with_children,all_quintiles,1992,100.0,100.0
hh_with_children,all_quintiles,1993,100.0,100.0
hh_with_children,all_quintiles,1994,100.0,100.0
hh_with_children,all_quintiles,1995,100.0,100.0
hh_with_children,all_quintiles,1996,100.0,100.0
hh_with_children,all_quintiles,1997,100.0,100.0
hh_with_children,all_quintiles,1998,100.0,100.0
hh_with_children,all_quintiles,1999,100.0,100.0
hh_with_children,all_quintiles,2000,100.0,100.0
hh_with_children,all_quintiles,2001,100.0,100.0
hh_with_children,all_quintiles,2002,100.0,100.0
hh_with_children,all_quintiles,2003,100.0,100.0
hh_with_children,all_quintiles,2004,100.0,100.0
hh_with_children,all_quintiles,2005,100.0,100.0
hh_with_children,all_quintiles,2006,100.0,100.0
hh_with_children,all_quintiles,2007,100.0,100.0
hh_with_children,all_quintiles,2008,100.0,100.0
hh_with_children,all_quintiles,2009,100.0,100.0
hh_with_children,all_quintiles,2010,100.0,100.0
hh_with_children,all_quintiles,2011,100.0,100.0
hh_with_children,all_quintiles,2012,100.0,100.0
hh_with_children,all_quintiles,2013,100.0,100.0
hh_with_children,all_quintiles,2014,100.0,100.0
hh_with_children,lowest_quintile,1979,5.3,8.7
hh_with_children,lowest_quintile,1980,5.4,9.0
hh_with_children,lowest_quintile,1981,5.4,9.0
hh_with_children,lowest_quintile,1982,5.4,9.0
hh_with_children,lowest_quintile,1983,5.3,8.9
hh_with_children,lowest_quintile,1984,5.3,8.5
hh_with_children,lowest_quintile,1985,5.2,8.5
hh_with_children,lowest_quintile,1986,4.9,8.2
hh_with_children,lowest_quintile,1987,4.7,8.5
hh_with_children,lowest_quintile,1988,4.8,8.5
hh_with_children,lowest_quintile,1989,5.0,8.6
hh_with_children,lowest_quintile,1990,5.2,9.3
hh_with_children,lowest_quintile,1991,5.4,9.9
hh_with_children,lowest_quintile,1992,5.4,10.0
hh_with_children,lowest_quintile,1993,5.4,10.2
hh_with_children,lowest_quintile,1994,5.2,10.1
hh_with_children,lowest_quintile,1995,5.4,10.0
hh_with_children,lowest_quintile,1996,5.5,10.0
hh_with_children,lowest_quintile,1997,5.6,9.7
hh_with_children,lowest_quintile,1998,5.7,9.6
hh_with_children,lowest_quintile,1999,5.3,8.9
hh_with_children,lowest_quintile,2000,5.2,8.7
hh_with_children,lowest_quintile,2001,5.4,9.0
hh_with_children,lowest_quintile,2002,5.6,9.5
hh_with_children,lowest_quintile,2003,5.4,9.3
hh_with_children,lowest_quintile,2004,5.1,8.9
hh_with_children,lowest_quintile,2005,5.1,9.0
hh_with_children,lowest_quintile,2006,5.2,8.9
hh_with_children,lowest_quintile,2007,5.4,9.2
hh_with_children,lowest_quintile,2008,5.5,9.7
hh_with_children,lowest_quintile,2009,5.7,10.5
hh_with_children,lowest_quintile,2010,5.6,10.5
hh_with_children,lowest_quintile,2011,5.6,10.4
hh_with_children,lowest_quintile,2012,5.2,9.9
hh_with_children,lowest_quintile,2013,5.3,10.2
hh_with_children,lowest_quintile,2014,5.1,10.2
hh_with_children,second_quintile,1979,13.5,14.2
hh_with_children,second_quintile,1980,13.5,14.3
hh_with_children,second_quintile,1981,13.5,14.3
hh_with_children,second_quintile,1982,13.5,14.1
hh_with_children,second_quintile,1983,13.1,13.6
hh_with_children,second_quintile,1984,12.8,13.3
hh_with_children,second_quintile,1985,13.1,13.6
hh_with_children,second_quintile,1986,12.3,12.8
hh_with_children,second_quintile,1987,12.1,12.7
hh_with_children,second_quintile,1988,12.1,12.6
hh_with_children,second_quintile,1989,11.8,12.5
hh_with_children,second_quintile,1990,12.8,13.3
hh_with_children,second_quintile,1991,12.5,13.2
hh_with_children,second_quintile,1992,12.3,13.2
hh_with_children,second_quintile,1993,12.0,13.0
hh_with_children,second_quintile,1994,11.9,13.0
hh_with_children,second_quintile,1995,11.8,13.0
hh_with_children,second_quintile,1996,11.9,13.2
hh_with_children,second_quintile,1997,11.7,13.1
hh_with_children,second_quintile,1998,11.4,12.8
hh_with_children,second_quintile,1999,11.1,12.5
hh_with_children,second_quintile,2000,10.5,12.0
hh_with_children,second_quintile,2001,11.3,12.9
hh_with_children,second_quintile,2002,11.1,12.9
hh_with_children,second_quintile,2003,11.0,12.7
hh_with_children,second_quintile,2004,10.5,12.4
hh_with_children,second_quintile,2005,10.2,12.0
hh_with_children,second_quintile,2006,9.9,11.8
hh_with_children,second_quintile,2007,10.3,12.1
hh_with_children,second_quintile,2008,10.4,12.4
hh_with_children,second_quintile,2009,10.7,13.0
hh_with_children,second_quintile,2010,10.3,12.6
hh_with_children,second_quintile,2011,10.2,12.4
hh_with_children,second_quintile,2012,9.9,12.3
hh_with_children,second_quintile,2013,9.9,12.4
hh_with_children,second_quintile,2014,9.8,12.5
hh_with_children,middle_quintile,1979,20.9,20.7
hh_with_children,middle_quintile,1980,21.0,20.8
hh_with_children,middle_quintile,1981,21.0,20.7
hh_with_children,middle_quintile,1982,21.0,20.5
hh_with_children,middle_quintile,1983,20.0,19.7
hh_with_children,middle_quintile,1984,19.8,19.6
hh_with_children,middle_quintile,1985,19.7,19.3
hh_with_children,middle_quintile,1986,18.6,18.3
hh_with_children,middle_quintile,1987,19.1,19.0
hh_with_children,middle_quintile,1988,19.1,18.9
hh_with_children,middle_quintile,1989,18.8,18.6
hh_with_children,middle_quintile,1990,19.2,18.9
hh_with_children,middle_quintile,1991,18.8,18.5
hh_with_children,middle_quintile,1992,18.6,18.3
hh_with_children,middle_quintile,1993,18.4,18.3
hh_with_children,middle_quintile,1994,18.3,18.1
hh_with_children,middle_quintile,1995,17.6,17.6
hh_with_children,middle_quintile,1996,17.6,17.7
hh_with_children,middle_quintile,1997,17.2,17.3
hh_with_children,middle_quintile,1998,16.7,16.9
hh_with_children,middle_quintile,1999,16.4,16.8
hh_with_children,middle_quintile,2000,15.4,16.0
hh_with_children,middle_quintile,2001,16.2,16.8
hh_with_children,middle_quintile,2002,16.3,16.8
hh_with_children,middle_quintile,2003,16.1,16.5
hh_with_children,middle_quintile,2004,15.7,16.2
hh_with_children,middle_quintile,2005,15.3,15.9
hh_with_children,middle_quintile,2006,14.6,15.2
hh_with_children,middle_quintile,2007,14.3,14.9
hh_with_children,middle_quintile,2008,14.8,15.5
hh_with_children,middle_quintile,2009,15.3,15.9
hh_with_children,middle_quintile,2010,14.5,15.2
hh_with_children,middle_quintile,2011,14.7,15.3
hh_with_children,middle_quintile,2012,13.9,14.6
hh_with_children,middle_quintile,2013,14.3,15.1
hh_with_children,middle_quintile,2014,14.4,15.3
hh_with_children,fourth_quintile,1979,26.2,25.2
hh_with_children,fourth_quintile,1980,25.9,24.8
hh_with_children,fourth_quintile,1981,26.4,25.2
hh_with_children,fourth_quintile,1982,26.5,25.2
hh_with_children,fourth_quintile,1983,25.7,24.5
hh_with_children,fourth_quintile,1984,25.1,24.1
hh_with_children,fourth_quintile,1985,25.4,24.3
hh_with_children,fourth_quintile,1986,24.3,23.4
hh_with_children,fourth_quintile,1987,25.5,24.7
hh_with_children,fourth_quintile,1988,24.9,24.0
hh_with_children,fourth_quintile,1989,24.6,23.7
hh_with_children,fourth_quintile,1990,24.7,23.6
hh_with_children,fourth_quintile,1991,24.6,23.4
hh_with_children,fourth_quintile,1992,24.3,23.1
hh_with_children,fourth_quintile,1993,24.2,23.1
hh_with_children,fourth_quintile,1994,24.0,23.0
hh_with_children,fourth_quintile,1995,23.1,22.3
hh_with_children,fourth_quintile,1996,23.1,22.3
hh_with_children,fourth_quintile,1997,22.4,21.8
hh_with_children,fourth_quintile,1998,21.9,21.3
hh_with_children,fourth_quintile,1999,21.3,21.0
hh_with_children,fourth_quintile,2000,20.5,20.3
hh_with_children,fourth_quintile,2001,21.4,20.9
hh_with_children,fourth_quintile,2002,21.7,21.2
hh_with_children,fourth_quintile,2003,21.8,21.2
hh_with_children,fourth_quintile,2004,21.0,20.6
hh_with_children,fourth_quintile,2005,20.7,20.3
hh_with_children,fourth_quintile,2006,19.7,19.4
hh_with_children,fourth_quintile,2007,19.4,19.1
hh_with_children,fourth_quintile,2008,20.3,19.8
hh_with_children,fourth_quintile,2009,21.4,20.6
hh_with_children,fourth_quintile,2010,20.1,19.5
hh_with_children,fourth_quintile,2011,20.4,19.7
hh_with_children,fourth_quintile,2012,19.7,19.2
hh_with_children,fourth_quintile,2013,20.2,19.7
hh_with_children,fourth_quintile,2014,19.6,19.1
hh_with_children,highest_quintile,1979,34.5,31.6
hh_with_children,highest_quintile,1980,34.7,31.6
hh_with_children,highest_quintile,1981,34.3,31.5
hh_with_children,highest_quintile,1982,34.4,32.0
hh_with_children,highest_quintile,1983,36.8,34.2
hh_with_children,highest_quintile,1984,37.9,35.6
hh_with_children,highest_quintile,1985,37.5,35.3
hh_with_children,highest_quintile,1986,40.6,38.2
hh_with_children,highest_quintile,1987,39.5,36.3
hh_with_children,highest_quintile,1988,40.1,37.1
hh_with_children,highest_quintile,1989,40.6,37.6
hh_with_children,highest_quintile,1990,38.9,35.8
hh_with_children,highest_quintile,1991,39.5,35.9
hh_with_children,highest_quintile,1992,40.4,36.5
hh_with_children,highest_quintile,1993,41.1,36.6
hh_with_children,highest_quintile,1994,41.4,36.7
hh_with_children,highest_quintile,1995,42.8,37.9
hh_with_children,highest_quintile,1996,42.5,37.7
hh_with_children,highest_quintile,1997,43.7,39.0
hh_with_children,highest_quintile,1998,44.9,40.0
hh_with_children,highest_quintile,1999,46.4,41.4
hh_with_children,highest_quintile,2000,48.8,43.7
hh_with_children,highest_quintile,2001,46.5,41.3
hh_with_children,highest_quintile,2002,46.1,40.7
hh_with_children,highest_quintile,2003,46.5,41.1
hh_with_children,highest_quintile,2004,48.3,42.8
hh_with_children,highest_quintile,2005,49.3,43.6
hh_with_children,highest_quintile,2006,51.2,45.4
hh_with_children,highest_quintile,2007,51.3,45.7
hh_with_children,highest_quintile,2008,50.3,44.1
hh_with_children,highest_quintile,2009,48.1,41.5
hh_with_children,highest_quintile,2010,50.7,43.7
hh_with_children,highest_quintile,2011,50.4,43.6
hh_with_children,highest_quintile,2012,52.3,45.3
hh_with_children,highest_quintile,2013,51.5,44.0
hh_with_children,highest_quintile,2014,52.2,44.2
hh_with_children,percentiles_81_90,1979,13.7,12.9
hh_with_children,percentiles_81_90,1980,13.8,12.9
hh_with_children,percentiles_81_90,1981,13.8,12.9
hh_with_children,percentiles_81_90,1982,13.8,13.0
hh_with_children,percentiles_81_90,1983,14.0,13.1
hh_with_children,percentiles_81_90,1984,14.0,13.3
hh_with_children,percentiles_81_90,1985,14.0,13.2
hh_with_children,percentiles_81_90,1986,13.5,12.8
hh_with_children,percentiles_81_90,1987,13.9,13.2
hh_with_children,percentiles_81_90,1988,13.9,13.2
hh_with_children,percentiles_81_90,1989,13.5,12.8
hh_with_children,percentiles_81_90,1990,13.8,13.0
hh_with_children,percentiles_81_90,1991,14.1,13.2
hh_with_children,percentiles_81_90,1992,14.1,13.2
hh_with_children,percentiles_81_90,1993,14.3,13.3
hh_with_children,percentiles_81_90,1994,14.2,13.3
hh_with_children,percentiles_81_90,1995,14.1,13.2
hh_with_children,percentiles_81_90,1996,13.4,12.6
hh_with_children,percentiles_81_90,1997,13.2,12.5
hh_with_children,percentiles_81_90,1998,13.0,12.3
hh_with_children,percentiles_81_90,1999,13.1,12.4
hh_with_children,percentiles_81_90,2000,13.2,12.5
hh_with_children,percentiles_81_90,2001,13.7,12.8
hh_with_children,percentiles_81_90,2002,13.9,13.1
hh_with_children,percentiles_81_90,2003,13.5,12.6
hh_with_children,percentiles_81_90,2004,13.5,12.7
hh_with_children,percentiles_81_90,2005,12.9,12.2
hh_with_children,percentiles_81_90,2006,12.6,12.0
hh_with_children,percentiles_81_90,2007,12.2,11.6
hh_with_children,percentiles_81_90,2008,13.2,12.3
hh_with_children,percentiles_81_90,2009,14.0,12.8
hh_with_children,percentiles_81_90,2010,13.5,12.4
hh_with_children,percentiles_81_90,2011,13.9,12.9
hh_with_children,percentiles_81_90,2012,12.9,11.9
hh_with_children,percentiles_81_90,2013,13.3,12.3
hh_with_children,percentiles_81_90,2014,13.1,12.1
hh_with_children,percentiles_91_95,1979,7.0,6.6
hh_with_children,percentiles_91_95,1980,7.1,6.5
hh_with_children,percentiles_91_95,1981,6.8,6.3
hh_with_children,percentiles_91_95,1982,6.8,6.4
hh_with_children,percentiles_91_95,1983,7.0,6.6
hh_with_children,percentiles_91_95,1984,7.3,6.9
hh_with_children,percentiles_91_95,1985,7.6,7.1
hh_with_children,percentiles_91_95,1986,7.2,6.9
hh_with_children,percentiles_91_95,1987,7.5,7.0
hh_with_children,percentiles_91_95,1988,7.3,6.8
hh_with_children,percentiles_91_95,1989,7.7,7.3
hh_with_children,percentiles_91_95,1990,7.4,7.0
hh_with_children,percentiles_91_95,1991,7.9,7.3
hh_with_children,percentiles_91_95,1992,7.8,7.1
hh_with_children,percentiles_91_95,1993,7.7,7.0
hh_with_children,percentiles_91_95,1994,8.1,7.4
hh_with_children,percentiles_91_95,1995,7.8,7.2
hh_with_children,percentiles_91_95,1996,7.8,7.2
hh_with_children,percentiles_91_95,1997,7.9,7.3
hh_with_children,percentiles_91_95,1998,7.8,7.2
hh_with_children,percentiles_91_95,1999,7.8,7.2
hh_with_children,percentiles_91_95,2000,8.0,7.4
hh_with_children,percentiles_91_95,2001,8.2,7.5
hh_with_children,percentiles_91_95,2002,8.7,8.0
hh_with_children,percentiles_91_95,2003,8.6,7.9
hh_with_children,percentiles_91_95,2004,8.5,7.8
hh_with_children,percentiles_91_95,2005,8.2,7.5
hh_with_children,percentiles_91_95,2006,8.2,7.5
hh_with_children,percentiles_91_95,2007,7.7,7.1
hh_with_children,percentiles_91_95,2008,8.5,7.7
hh_with_children,percentiles_91_95,2009,8.7,7.7
hh_with_children,percentiles_91_95,2010,8.6,7.7
hh_with_children,percentiles_91_95,2011,8.6,7.7
hh_with_children,percentiles_91_95,2012,8.4,7.5
hh_with_children,percentiles_91_95,2013,9.0,8.1
hh_with_children,percentiles_91_95,2014,8.4,7.5
hh_with_children,percentiles_96_99,1979,8.0,7.3
hh_with_children,percentiles_96_99,1980,7.8,7.0
hh_with_children,percentiles_96_99,1981,7.4,6.8
hh_with_children,percentiles_96_99,1982,7.6,7.0
hh_with_children,percentiles_96_99,1983,8.1,7.5
hh_with_children,percentiles_96_99,1984,8.4,7.9
hh_with_children,percentiles_96_99,1985,8.3,7.8
hh_with_children,percentiles_96_99,1986,8.6,8.2
hh_with_children,percentiles_96_99,1987,9.1,8.3
hh_with_children,percentiles_96_99,1988,9.1,8.4
hh_with_children,percentiles_96_99,1989,9.2,8.5
hh_with_children,percentiles_96_99,1990,9.3,8.5
hh_with_children,percentiles_96_99,1991,8.9,8.0
hh_with_children,percentiles_96_99,1992,9.5,8.5
hh_with_children,percentiles_96_99,1993,9.8,8.7
hh_with_children,percentiles_96_99,1994,9.6,8.5
hh_with_children,percentiles_96_99,1995,10.1,9.0
hh_with_children,percentiles_96_99,1996,10.1,8.9
hh_with_children,percentiles_96_99,1997,10.6,9.4
hh_with_children,percentiles_96_99,1998,10.7,9.5
hh_with_children,percentiles_96_99,1999,10.6,9.4
hh_with_children,percentiles_96_99,2000,10.8,9.6
hh_with_children,percentiles_96_99,2001,10.7,9.4
hh_with_children,percentiles_96_99,2002,10.7,9.4
hh_with_children,percentiles_96_99,2003,10.8,9.4
hh_with_children,percentiles_96_99,2004,11.2,9.8
hh_with_children,percentiles_96_99,2005,11.9,10.4
hh_with_children,percentiles_96_99,2006,11.2,9.9
hh_with_children,percentiles_96_99,2007,11.2,9.9
hh_with_children,percentiles_96_99,2008,11.5,9.9
hh_with_children,percentiles_96_99,2009,11.4,9.7
hh_with_children,percentiles_96_99,2010,11.4,9.7
hh_with_children,percentiles_96_99,2011,11.9,10.2
hh_with_children,percentiles_96_99,2012,12.1,10.3
hh_with_children,percentiles_96_99,2013,12.1,10.4
hh_with_children,percentiles_96_99,2014,12.3,10.4
hh_with_children,top_1_percent,1979,5.8,4.8
hh_with_children,top_1_percent,1980,6.0,5.1
hh_with_children,top_1_percent,1981,6.3,5.6
hh_with_children,top_1_percent,1982,6.2,5.6
hh_with_children,top_1_percent,1983,7.7,6.9
hh_with_children,top_1_percent,1984,8.3,7.5
hh_with_children,top_1_percent,1985,7.7,7.1
hh_with_children,top_1_percent,1986,11.2,10.4
hh_with_children,top_1_percent,1987,9.0,7.8
hh_with_children,top_1_percent,1988,9.8,8.7
hh_with_children,top_1_percent,1989,10.2,9.1
hh_with_children,top_1_percent,1990,8.3,7.4
hh_with_children,top_1_percent,1991,8.6,7.5
hh_with_children,top_1_percent,1992,9.0,7.7
hh_with_children,top_1_percent,1993,9.3,7.5
hh_with_children,top_1_percent,1994,9.5,7.5
hh_with_children,top_1_percent,1995,10.8,8.6
hh_with_children,top_1_percent,1996,11.3,8.9
hh_with_children,top_1_percent,1997,12.0,9.8
hh_with_children,top_1_percent,1998,13.4,11.0
hh_with_children,top_1_percent,1999,14.9,12.4
hh_with_children,top_1_percent,2000,16.9,14.1
hh_with_children,top_1_percent,2001,14.0,11.5
hh_with_children,top_1_percent,2002,12.7,10.3
hh_with_children,top_1_percent,2003,13.7,11.1
hh_with_children,top_1_percent,2004,15.2,12.6
hh_with_children,top_1_percent,2005,16.3,13.5
hh_with_children,top_1_percent,2006,19.2,16.1
hh_with_children,top_1_percent,2007,20.2,17.2
hh_with_children,top_1_percent,2008,17.1,14.2
hh_with_children,top_1_percent,2009,14.0,11.3
hh_with_children,top_1_percent,2010,17.2,13.9
hh_with_children,top_1_percent,2011,15.9,12.9
hh_with_children,top_1_percent,2012,19.0,15.6
hh_with_children,top_1_percent,2013,17.0,13.2
hh_with_children,top_1_percent,2014,18.3,14.2
elderly_headed_hh,all_quintiles,1979,100.0,100.0
elderly_headed_hh,all_quintiles,1980,100.0,100.0
elderly_headed_hh,all_quintiles,1981,100.0,100.0
elderly_headed_hh,all_quintiles,1982,100.0,100.0
elderly_headed_hh,all_quintiles,1983,100.0,100.0
elderly_headed_hh,all_quintiles,1984,100.0,100.0
elderly_headed_hh,all_quintiles,1985,100.0,100.0
elderly_headed_hh,all_quintiles,1986,100.0,100.0
elderly_headed_hh,all_quintiles,1987,100.0,100.0
elderly_headed_hh,all_quintiles,1988,100.0,100.0
elderly_headed_hh,all_quintiles,1989,100.0,100.0
elderly_headed_hh,all_quintiles,1990,100.0,100.0
elderly_headed_hh,all_quintiles,1991,100.0,100.0
elderly_headed_hh,all_quintiles,1992,100.0,100.0
elderly_headed_hh,all_quintiles,1993,100.0,100.0
elderly_headed_hh,all_quintiles,1994,100.0,100.0
elderly_headed_hh,all_quintiles,1995,100.0,100.0
elderly_headed_hh,all_quintiles,1996,100.0,100.0
elderly_headed_hh,all_quintiles,1997,100.0,100.0
elderly_headed_hh,all_quintiles,1998,100.0,100.0
elderly_headed_hh,all_quintiles,1999,100.0,100.0
elderly_headed_hh,all_quintiles,2000,100.0,100.0
elderly_headed_hh,all_quintiles,2001,100.0,100.0
elderly_headed_hh,all_quintiles,2002,100.0,100.0
elderly_headed_hh,all_quintiles,2003,100.0,100.0
elderly_headed_hh,all_quintiles,2004,100.0,100.0
elderly_headed_hh,all_quintiles,2005,100.0,100.0
elderly_headed_hh,all_quintiles,2006,100.0,100.0
elderly_headed_hh,all_quintiles,2007,100.0,100.0
elderly_headed_hh,all_quintiles,2008,100.0,100.0
elderly_headed_hh,all_quintiles,2009,100.0,100.0
elderly_headed_hh,all_quintiles,2010,100.0,100.0
elderly_headed_hh,all_quintiles,2011,100.0,100.0
elderly_headed_hh,all_quintiles,2012,100.0,100.0
elderly_headed_hh,all_quintiles,2013,100.0,100.0
elderly_headed_hh,all_quintiles,2014,100.0,100.0
elderly_headed_hh,lowest_quintile,1979,10.3,13.6
elderly_headed_hh,lowest_quintile,1980,9.2,12.4
elderly_headed_hh,lowest_quintile,1981,7.8,10.6
elderly_headed_hh,lowest_quintile,1982,5.8,7.9
elderly_headed_hh,lowest_quintile,1983,4.8,6.7
elderly_headed_hh,lowest_quintile,1984,5.2,7.3
elderly_headed_hh,lowest_quintile,1985,5.1,7.2
elderly_headed_hh,lowest_quintile,1986,4.4,6.2
elderly_headed_hh,lowest_quintile,1987,4.8,6.8
elderly_headed_hh,lowest_quintile,1988,4.8,6.9
elderly_headed_hh,lowest_quintile,1989,4.7,6.8
elderly_headed_hh,lowest_quintile,1990,5.0,7.1
elderly_headed_hh,lowest_quintile,1991,4.7,6.8
elderly_headed_hh,lowest_quintile,1992,4.0,6.0
elderly_headed_hh,lowest_quintile,1993,3.5,5.4
elderly_headed_hh,lowest_quintile,1994,3.7,5.7
elderly_headed_hh,lowest_quintile,1995,3.8,5.7
elderly_headed_hh,lowest_quintile,1996,3.0,4.7
elderly_headed_hh,lowest_quintile,1997,3.2,4.8
elderly_headed_hh,lowest_quintile,1998,3.3,5.0
elderly_headed_hh,lowest_quintile,1999,3.6,5.5
elderly_headed_hh,lowest_quintile,2000,3.6,5.5
elderly_headed_hh,lowest_quintile,2001,3.7,5.6
elderly_headed_hh,lowest_quintile,2002,3.4,5.2
elderly_headed_hh,lowest_quintile,2003,3.3,5.1
elderly_headed_hh,lowest_quintile,2004,3.0,4.7
elderly_headed_hh,lowest_quintile,2005,2.9,4.5
elderly_headed_hh,lowest_quintile,2006,2.3,3.7
elderly_headed_hh,lowest_quintile,2007,2.5,3.7
elderly_headed_hh,lowest_quintile,2008,2.8,4.2
elderly_headed_hh,lowest_quintile,2009,2.1,3.3
elderly_headed_hh,lowest_quintile,2010,1.9,3.0
elderly_headed_hh,lowest_quintile,2011,2.1,3.3
elderly_headed_hh,lowest_quintile,2012,1.7,2.9
elderly_headed_hh,lowest_quintile,2013,1.9,3.1
elderly_headed_hh,lowest_quintile,2014,2.0,3.4
elderly_headed_hh,second_quintile,1979,14.4,16.5
elderly_headed_hh,second_quintile,1980,13.8,15.8
elderly_headed_hh,second_quintile,1981,13.1,15.0
elderly_headed_hh,second_quintile,1982,13.0,14.7
elderly_headed_hh,second_quintile,1983,12.6,14.3
elderly_headed_hh,second_quintile,1984,11.8,13.4
elderly_headed_hh,second_quintile,1985,11.0,12.5
elderly_headed_hh,second_quintile,1986,11.1,12.7
elderly_headed_hh,second_quintile,1987,13.0,15.0
elderly_headed_hh,second_quintile,1988,12.9,14.8
elderly_headed_hh,second_quintile,1989,12.6,14.3
elderly_headed_hh,second_quintile,1990,12.4,14.1
elderly_headed_hh,second_quintile,1991,12.5,14.3
elderly_headed_hh,second_quintile,1992,12.8,14.7
elderly_headed_hh,second_quintile,1993,13.4,15.6
elderly_headed_hh,second_quintile,1994,13.5,15.9
elderly_headed_hh,second_quintile,1995,12.6,14.8
elderly_headed_hh,second_quintile,1996,11.1,13.3
elderly_headed_hh,second_quintile,1997,10.5,12.5
elderly_headed_hh,second_quintile,1998,10.2,12.1
elderly_headed_hh,second_quintile,1999,9.8,11.7
elderly_headed_hh,second_quintile,2000,10.0,11.9
elderly_headed_hh,second_quintile,2001,10.8,12.7
elderly_headed_hh,second_quintile,2002,11.2,13.2
elderly_headed_hh,second_quintile,2003,11.4,13.4
elderly_headed_hh,second_quintile,2004,10.8,12.9
elderly_headed_hh,second_quintile,2005,9.8,11.7
elderly_headed_hh,second_quintile,2006,9.2,11.1
elderly_headed_hh,second_quintile,2007,8.2,9.9
elderly_headed_hh,second_quintile,2008,9.5,11.3
elderly_headed_hh,second_quintile,2009,10.0,11.9
elderly_headed_hh,second_quintile,2010,9.1,11.0
elderly_headed_hh,second_quintile,2011,9.1,11.1
elderly_headed_hh,second_quintile,2012,8.4,10.3
elderly_headed_hh,second_quintile,2013,8.8,10.9
elderly_headed_hh,second_quintile,2014,8.6,10.8
elderly_headed_hh,middle_quintile,1979,13.3,14.3
elderly_headed_hh,middle_quintile,1980,13.5,14.6
elderly_headed_hh,middle_quintile,1981,13.8,14.9
elderly_headed_hh,middle_quintile,1982,14.1,15.1
elderly_headed_hh,middle_quintile,1983,14.5,15.5
elderly_headed_hh,middle_quintile,1984,14.4,15.4
elderly_headed_hh,middle_quintile,1985,14.7,15.8
elderly_headed_hh,middle_quintile,1986,15.1,16.2
elderly_headed_hh,middle_quintile,1987,17.2,18.5
elderly_headed_hh,middle_quintile,1988,16.1,17.2
elderly_headed_hh,middle_quintile,1989,16.1,17.2
elderly_headed_hh,middle_quintile,1990,16.4,17.4
elderly_headed_hh,middle_quintile,1991,18.2,19.3
elderly_headed_hh,middle_quintile,1992,17.0,18.2
elderly_headed_hh,middle_quintile,1993,17.1,18.3
elderly_headed_hh,middle_quintile,1994,17.6,19.0
elderly_headed_hh,middle_quintile,1995,16.8,18.3
elderly_headed_hh,middle_quintile,1996,15.5,17.2
elderly_headed_hh,middle_quintile,1997,14.9,16.5
elderly_headed_hh,middle_quintile,1998,15.4,17.0
elderly_headed_hh,middle_quintile,1999,15.4,16.9
elderly_headed_hh,middle_quintile,2000,15.9,17.4
elderly_headed_hh,middle_quintile,2001,17.0,18.5
elderly_headed_hh,middle_quintile,2002,17.9,19.4
elderly_headed_hh,middle_quintile,2003,17.2,18.7
elderly_headed_hh,middle_quintile,2004,16.1,17.7
elderly_headed_hh,middle_quintile,2005,14.8,16.4
elderly_headed_hh,middle_quintile,2006,14.9,16.6
elderly_headed_hh,middle_quintile,2007,13.6,15.1
elderly_headed_hh,middle_quintile,2008,15.5,17.0
elderly_headed_hh,middle_quintile,2009,16.6,18.1
elderly_headed_hh,middle_quintile,2010,16.4,18.1
elderly_headed_hh,middle_quintile,2011,16.0,17.7
elderly_headed_hh,middle_quintile,2012,14.8,16.5
elderly_headed_hh,middle_quintile,2013,14.8,16.6
elderly_headed_hh,middle_quintile,2014,13.7,15.5
elderly_headed_hh,fourth_quintile,1979,14.5,14.8
elderly_headed_hh,fourth_quintile,1980,15.6,15.9
elderly_headed_hh,fourth_quintile,1981,16.6,17.0
elderly_headed_hh,fourth_quintile,1982,18.1,18.5
elderly_headed_hh,fourth_quintile,1983,18.9,19.2
elderly_headed_hh,fourth_quintile,1984,19.4,19.8
elderly_headed_hh,fourth_quintile,1985,18.7,19.1
elderly_headed_hh,fourth_quintile,1986,18.2,18.6
elderly_headed_hh,fourth_quintile,1987,19.2,19.5
elderly_headed_hh,fourth_quintile,1988,18.6,19.0
elderly_headed_hh,fourth_quintile,1989,19.2,19.5
elderly_headed_hh,fourth_quintile,1990,19.6,19.9
elderly_headed_hh,fourth_quintile,1991,20.5,20.7
elderly_headed_hh,fourth_quintile,1992,20.6,20.9
elderly_headed_hh,fourth_quintile,1993,20.4,20.8
elderly_headed_hh,fourth_quintile,1994,19.6,20.0
elderly_headed_hh,fourth_quintile,1995,20.0,20.6
elderly_headed_hh,fourth_quintile,1996,19.9,20.7
elderly_headed_hh,fourth_quintile,1997,19.7,20.6
elderly_headed_hh,fourth_quintile,1998,18.9,19.6
elderly_headed_hh,fourth_quintile,1999,18.8,19.5
elderly_headed_hh,fourth_quintile,2000,19.0,19.6
elderly_headed_hh,fourth_quintile,2001,21.0,21.5
elderly_headed_hh,fourth_quintile,2002,21.7,22.3
elderly_headed_hh,fourth_quintile,2003,21.2,21.7
elderly_headed_hh,fourth_quintile,2004,20.1,20.7
elderly_headed_hh,fourth_quintile,2005,19.0,19.8
elderly_headed_hh,fourth_quintile,2006,19.1,20.0
elderly_headed_hh,fourth_quintile,2007,18.7,19.6
elderly_headed_hh,fourth_quintile,2008,21.4,22.1
elderly_headed_hh,fourth_quintile,2009,23.5,24.2
elderly_headed_hh,fourth_quintile,2010,22.6,23.5
elderly_headed_hh,fourth_quintile,2011,22.5,23.3
elderly_headed_hh,fourth_quintile,2012,21.3,22.3
elderly_headed_hh,fourth_quintile,2013,22.3,23.4
elderly_headed_hh,fourth_quintile,2014,21.3,22.5
elderly_headed_hh,highest_quintile,1979,47.7,40.9
elderly_headed_hh,highest_quintile,1980,48.0,41.6
elderly_headed_hh,highest_quintile,1981,48.7,42.7
elderly_headed_hh,highest_quintile,1982,49.2,44.1
elderly_headed_hh,highest_quintile,1983,49.5,44.6
elderly_headed_hh,highest_quintile,1984,49.6,44.5
elderly_headed_hh,highest_quintile,1985,50.8,45.7
elderly_headed_hh,highest_quintile,1986,51.6,46.7
elderly_headed_hh,highest_quintile,1987,46.2,40.8
elderly_headed_hh,highest_quintile,1988,48.2,42.8
elderly_headed_hh,highest_quintile,1989,47.9,42.7
elderly_headed_hh,highest_quintile,1990,47.2,42.1
elderly_headed_hh,highest_quintile,1991,44.7,39.8
elderly_headed_hh,highest_quintile,1992,46.3,41.0
elderly_headed_hh,highest_quintile,1993,46.2,40.7
elderly_headed_hh,highest_quintile,1994,46.3,40.5
elderly_headed_hh,highest_quintile,1995,47.6,41.6
elderly_headed_hh,highest_quintile,1996,51.4,45.2
elderly_headed_hh,highest_quintile,1997,52.7,46.7
elderly_headed_hh,highest_quintile,1998,53.2,47.4
elderly_headed_hh,highest_quintile,1999,53.2,47.4
elderly_headed_hh,highest_quintile,2000,52.4,46.7
elderly_headed_hh,highest_quintile,2001,48.5,42.9
elderly_headed_hh,highest_quintile,2002,47.0,41.3
elderly_headed_hh,highest_quintile,2003,48.1,42.5
elderly_headed_hh,highest_quintile,2004,51.2,45.4
elderly_headed_hh,highest_quintile,2005,54.5,48.6
elderly_headed_hh,highest_quintile,2006,55.4,49.7
elderly_headed_hh,highest_quintile,2007,57.9,52.7
elderly_headed_hh,highest_quintile,2008,52.3,47.0
elderly_headed_hh,highest_quintile,2009,50.2,45.1
elderly_headed_hh,highest_quintile,2010,51.9,46.6
elderly_headed_hh,highest_quintile,2011,52.3,46.9
elderly_headed_hh,highest_quintile,2012,55.8,50.3
elderly_headed_hh,highest_quintile,2013,54.1,48.3
elderly_headed_hh,highest_quintile,2014,56.3,50.1
elderly_headed_hh,percentiles_81_90,1979,10.2,9.9
elderly_headed_hh,percentiles_81_90,1980,10.5,10.1
elderly_headed_hh,percentiles_81_90,1981,10.8,10.5
elderly_headed_hh,percentiles_81_90,1982,11.5,11.2
elderly_headed_hh,percentiles_81_90,1983,12.2,11.9
elderly_headed_hh,percentiles_81_90,1984,11.7,11.4
elderly_headed_hh,percentiles_81_90,1985,11.7,11.5
elderly_headed_hh,percentiles_81_90,1986,10.5,10.3
elderly_headed_hh,percentiles_81_90,1987,11.1,10.7
elderly_headed_hh,percentiles_81_90,1988,11.0,10.7
elderly_headed_hh,percentiles_81_90,1989,11.3,10.9
elderly_headed_hh,percentiles_81_90,1990,11.2,10.7
elderly_headed_hh,percentiles_81_90,1991,11.6,11.1
elderly_headed_hh,percentiles_81_90,1992,12.2,11.7
elderly_headed_hh,percentiles_81_90,1993,11.9,11.5
elderly_headed_hh,percentiles_81_90,1994,11.6,11.2
elderly_headed_hh,percentiles_81_90,1995,12.7,12.3
elderly_headed_hh,percentiles_81_90,1996,12.3,12.0
elderly_headed_hh,percentiles_81_90,1997,12.4,12.2
elderly_headed_hh,percentiles_81_90,1998,12.2,11.9
elderly_headed_hh,percentiles_81_90,1999,11.6,11.3
elderly_headed_hh,percentiles_81_90,2000,11.9,11.5
elderly_headed_hh,percentiles_81_90,2001,12.1,11.7
elderly_headed_hh,percentiles_81_90,2002,12.1,11.6
elderly_headed_hh,percentiles_81_90,2003,11.8,11.4
elderly_headed_hh,percentiles_81_90,2004,11.6,11.4
elderly_headed_hh,percentiles_81_90,2005,12.0,11.8
elderly_headed_hh,percentiles_81_90,2006,12.1,11.9
elderly_headed_hh,percentiles_81_90,2007,12.1,12.1
elderly_headed_hh,percentiles_81_90,2008,12.7,12.4
elderly_headed_hh,percentiles_81_90,2009,14.1,13.8
elderly_headed_hh,percentiles_81_90,2010,14.0,13.7
elderly_headed_hh,percentiles_81_90,2011,13.4,13.1
elderly_headed_hh,percentiles_81_90,2012,13.3,13.2
elderly_headed_hh,percentiles_81_90,2013,14.8,14.7
elderly_headed_hh,percentiles_81_90,2014,13.9,13.9
elderly_headed_hh,percentiles_91_95,1979,6.9,6.5
elderly_headed_hh,percentiles_91_95,1980,7.8,7.2
elderly_headed_hh,percentiles_91_95,1981,8.4,7.9
elderly_headed_hh,percentiles_91_95,1982,8.1,7.7
elderly_headed_hh,percentiles_91_95,1983,8.8,8.3
elderly_headed_hh,percentiles_91_95,1984,9.0,8.4
elderly_headed_hh,percentiles_91_95,1985,8.2,7.7
elderly_headed_hh,percentiles_91_95,1986,7.4,6.9
elderly_headed_hh,percentiles_91_95,1987,7.0,6.5
elderly_headed_hh,percentiles_91_95,1988,7.5,6.9
elderly_headed_hh,percentiles_91_95,1989,7.7,7.1
elderly_headed_hh,percentiles_91_95,1990,8.6,8.0
elderly_headed_hh,percentiles_91_95,1991,8.3,7.6
elderly_headed_hh,percentiles_91_95,1992,7.7,7.1
elderly_headed_hh,percentiles_91_95,1993,8.6,7.9
elderly_headed_hh,percentiles_91_95,1994,7.8,7.1
elderly_headed_hh,percentiles_91_95,1995,8.1,7.4
elderly_headed_hh,percentiles_91_95,1996,8.9,8.3
elderly_headed_hh,percentiles_91_95,1997,8.9,8.3
elderly_headed_hh,percentiles_91_95,1998,9.0,8.5
elderly_headed_hh,percentiles_91_95,1999,8.8,8.2
elderly_headed_hh,percentiles_91_95,2000,8.3,7.7
elderly_headed_hh,percentiles_91_95,2001,8.4,7.8
elderly_headed_hh,percentiles_91_95,2002,7.9,7.3
elderly_headed_hh,percentiles_91_95,2003,8.1,7.5
elderly_headed_hh,percentiles_91_95,2004,7.8,7.3
elderly_headed_hh,percentiles_91_95,2005,8.8,8.3
elderly_headed_hh,percentiles_91_95,2006,8.9,8.4
elderly_headed_hh,percentiles_91_95,2007,9.0,8.6
elderly_headed_hh,percentiles_91_95,2008,8.7,8.2
elderly_headed_hh,percentiles_91_95,2009,9.1,8.6
elderly_headed_hh,percentiles_91_95,2010,9.8,9.2
elderly_headed_hh,percentiles_91_95,2011,9.4,8.8
elderly_headed_hh,percentiles_91_95,2012,9.3,8.9
elderly_headed_hh,percentiles_91_95,2013,9.4,8.9
elderly_headed_hh,percentiles_91_95,2014,10.0,9.5
elderly_headed_hh,percentiles_96_99,1979,12.7,11.1
elderly_headed_hh,percentiles_96_99,1980,13.5,11.8
elderly_headed_hh,percentiles_96_99,1981,13.9,12.1
elderly_headed_hh,percentiles_96_99,1982,13.3,11.8
elderly_headed_hh,percentiles_96_99,1983,12.3,11.0
elderly_headed_hh,percentiles_96_99,1984,11.9,10.5
elderly_headed_hh,percentiles_96_99,1985,12.4,11.1
elderly_headed_hh,percentiles_96_99,1986,12.4,11.2
elderly_headed_hh,percentiles_96_99,1987,12.4,10.8
elderly_headed_hh,percentiles_96_99,1988,11.9,10.5
elderly_headed_hh,percentiles_96_99,1989,12.8,11.2
elderly_headed_hh,percentiles_96_99,1990,12.1,10.7
elderly_headed_hh,percentiles_96_99,1991,11.9,10.4
elderly_headed_hh,percentiles_96_99,1992,12.3,10.9
elderly_headed_hh,percentiles_96_99,1993,11.6,10.1
elderly_headed_hh,percentiles_96_99,1994,12.4,11.0
elderly_headed_hh,percentiles_96_99,1995,12.4,10.8
elderly_headed_hh,percentiles_96_99,1996,12.7,11.2
elderly_headed_hh,percentiles_96_99,1997,13.4,11.8
elderly_headed_hh,percentiles_96_99,1998,13.0,11.6
elderly_headed_hh,percentiles_96_99,1999,12.7,11.3
elderly_headed_hh,percentiles_96_99,2000,13.4,11.9
elderly_headed_hh,percentiles_96_99,2001,11.6,10.2
elderly_headed_hh,percentiles_96_99,2002,11.0,9.7
elderly_headed_hh,percentiles_96_99,2003,11.2,9.9
elderly_headed_hh,percentiles_96_99,2004,11.2,10.0
elderly_headed_hh,percentiles_96_99,2005,12.0,10.7
elderly_headed_hh,percentiles_96_99,2006,13.1,11.7
elderly_headed_hh,percentiles_96_99,2007,13.2,11.9
elderly_headed_hh,percentiles_96_99,2008,11.9,10.6
elderly_headed_hh,percentiles_96_99,2009,11.0,9.8
elderly_headed_hh,percentiles_96_99,2010,11.2,9.9
elderly_headed_hh,percentiles_96_99,2011,11.4,10.2
elderly_headed_hh,percentiles_96_99,2012,12.0,10.7
elderly_headed_hh,percentiles_96_99,2013,12.7,11.3
elderly_headed_hh,percentiles_96_99,2014,12.9,11.5
elderly_headed_hh,top_1_percent,1979,17.9,13.4
elderly_headed_hh,top_1_percent,1980,16.3,12.4
elderly_headed_hh,top_1_percent,1981,15.6,12.3
elderly_headed_hh,top_1_percent,1982,16.4,13.4
elderly_headed_hh,top_1_percent,1983,16.1,13.3
elderly_headed_hh,top_1_percent,1984,17.1,14.1
elderly_headed_hh,top_1_percent,1985,18.5,15.5
elderly_headed_hh,top_1_percent,1986,21.3,18.3
elderly_headed_hh,top_1_percent,1987,15.7,12.8
elderly_headed_hh,top_1_percent,1988,17.8,14.6
elderly_headed_hh,top_1_percent,1989,16.2,13.4
elderly_headed_hh,top_1_percent,1990,15.3,12.7
elderly_headed_hh,top_1_percent,1991,13.0,10.6
elderly_headed_hh,top_1_percent,1992,14.1,11.4
elderly_headed_hh,top_1_percent,1993,14.2,11.1
elderly_headed_hh,top_1_percent,1994,14.5,11.2
elderly_headed_hh,top_1_percent,1995,14.5,11.2
elderly_headed_hh,top_1_percent,1996,17.6,13.7
elderly_headed_hh,top_1_percent,1997,18.1,14.4
elderly_headed_hh,top_1_percent,1998,18.9,15.5
elderly_headed_hh,top_1_percent,1999,20.1,16.5
elderly_headed_hh,top_1_percent,2000,18.9,15.6
elderly_headed_hh,top_1_percent,2001,16.4,13.2
elderly_headed_hh,top_1_percent,2002,16.0,12.7
elderly_headed_hh,top_1_percent,2003,17.0,13.7
elderly_headed_hh,top_1_percent,2004,20.6,16.7
elderly_headed_hh,top_1_percent,2005,21.7,17.8
elderly_headed_hh,top_1_percent,2006,21.3,17.7
elderly_headed_hh,top_1_percent,2007,23.6,20.1
elderly_headed_hh,top_1_percent,2008,19.1,15.7
elderly_headed_hh,top_1_percent,2009,16.0,13.0
elderly_headed_hh,top_1_percent,2010,16.9,13.7
elderly_headed_hh,top_1_percent,2011,18.1,14.7
elderly_headed_hh,top_1_percent,2012,21.2,17.5
elderly_headed_hh,top_1_percent,2013,17.3,13.5
elderly_headed_hh,top_1_percent,2014,19.4,15.2
nonelderly_childless_hh,all_quintiles,1979,100.0,100.0
nonelderly_childless_hh,all_quintiles,1980,100.0,100.0
nonelderly_childless_hh,all_quintiles,1981,100.0,100.0
nonelderly_childless_hh,all_quintiles,1982,100.0,100.0
nonelderly_childless_hh,all_quintiles,1983,100.0,100.0
nonelderly_childless_hh,all_quintiles,1984,100.0,100.0
nonelderly_childless_hh,all_quintiles,1985,100.0,100.0
nonelderly_childless_hh,all_quintiles,1986,100.0,100.0
nonelderly_childless_hh,all_quintiles,1987,100.0,100.0
nonelderly_childless_hh,all_quintiles,1988,100.0,100.0
nonelderly_childless_hh,all_quintiles,1989,100.0,100.0
nonelderly_childless_hh,all_quintiles,1990,100.0,100.0
nonelderly_childless_hh,all_quintiles,1991,100.0,100.0
nonelderly_childless_hh,all_quintiles,1992,100.0,100.0
nonelderly_childless_hh,all_quintiles,1993,100.0,100.0
nonelderly_childless_hh,all_quintiles,1994,100.0,100.0
nonelderly_childless_hh,all_quintiles,1995,100.0,100.0
nonelderly_childless_hh,all_quintiles,1996,100.0,100.0
nonelderly_childless_hh,all_quintiles,1997,100.0,100.0
nonelderly_childless_hh,all_quintiles,1998,100.0,100.0
nonelderly_childless_hh,all_quintiles,1999,100.0,100.0
nonelderly_childless_hh,all_quintiles,2000,100.0,100.0
nonelderly_childless_hh,all_quintiles,2001,100.0,100.0
nonelderly_childless_hh,all_quintiles,2002,100.0,100.0
nonelderly_childless_hh,all_quintiles,2003,100.0,100.0
nonelderly_childless_hh,all_quintiles,2004,100.0,100.0
nonelderly_childless_hh,all_quintiles,2005,100.0,100.0
nonelderly_childless_hh,all_quintiles,2006,100.0,100.0
nonelderly_childless_hh,all_quintiles,2007,100.0,100.0
nonelderly_childless_hh,all_quintiles,2008,100.0,100.0
nonelderly_childless_hh,all_quintiles,2009,100.0,100.0
nonelderly_childless_hh,all_quintiles,2010,100.0,100.0
nonelderly_childless_hh,all_quintiles,2011,100.0,100.0
nonelderly_childless_hh,all_quintiles,2012,100.0,100.0
nonelderly_childless_hh,all_quintiles,2013,100.0,100.0
nonelderly_childless_hh,all_quintiles,2014,100.0,100.0
nonelderly_childless_hh,lowest_quintile,1979,2.7,4.0
nonelderly_childless_hh,lowest_quintile,1980,2.8,4.2
nonelderly_childless_hh,lowest_quintile,1981,2.7,4.1
nonelderly_childless_hh,lowest_quintile,1982,2.8,4.2
nonelderly_childless_hh,lowest_quintile,1983,2.6,3.9
nonelderly_childless_hh,lowest_quintile,1984,3.0,4.3
nonelderly_childless_hh,lowest_quintile,1985,2.7,3.9
nonelderly_childless_hh,lowest_quintile,1986,2.6,3.8
nonelderly_childless_hh,lowest_quintile,1987,2.3,3.4
nonelderly_childless_hh,lowest_quintile,1988,2.1,3.3
nonelderly_childless_hh,lowest_quintile,1989,2.2,3.4
nonelderly_childless_hh,lowest_quintile,1990,2.3,3.5
nonelderly_childless_hh,lowest_quintile,1991,2.4,3.7
nonelderly_childless_hh,lowest_quintile,1992,2.3,3.6
nonelderly_childless_hh,lowest_quintile,1993,2.2,3.7
nonelderly_childless_hh,lowest_quintile,1994,2.3,3.8
nonelderly_childless_hh,lowest_quintile,1995,2.6,4.2
nonelderly_childless_hh,lowest_quintile,1996,2.4,4.1
nonelderly_childless_hh,lowest_quintile,1997,2.5,4.2
nonelderly_childless_hh,lowest_quintile,1998,2.6,4.4
nonelderly_childless_hh,lowest_quintile,1999,2.7,4.5
nonelderly_childless_hh,lowest_quintile,2000,2.5,4.3
nonelderly_childless_hh,lowest_quintile,2001,2.6,4.6
nonelderly_childless_hh,lowest_quintile,2002,2.8,4.9
nonelderly_childless_hh,lowest_quintile,2003,2.7,4.8
nonelderly_childless_hh,lowest_quintile,2004,2.8,4.8
nonelderly_childless_hh,lowest_quintile,2005,2.7,4.7
nonelderly_childless_hh,lowest_quintile,2006,2.7,4.5
nonelderly_childless_hh,lowest_quintile,2007,3.1,5.0
nonelderly_childless_hh,lowest_quintile,2008,3.2,5.2
nonelderly_childless_hh,lowest_quintile,2009,3.2,5.5
nonelderly_childless_hh,lowest_quintile,2010,3.3,5.7
nonelderly_childless_hh,lowest_quintile,2011,3.3,5.7
nonelderly_childless_hh,lowest_quintile,2012,3.1,5.5
nonelderly_childless_hh,lowest_quintile,2013,3.3,6.0
nonelderly_childless_hh,lowest_quintile,2014,3.0,5.8
nonelderly_childless_hh,second_quintile,1979,7.4,8.3
nonelderly_childless_hh,second_quintile,1980,7.2,8.1
nonelderly_childless_hh,second_quintile,1981,7.3,8.1
nonelderly_childless_hh,second_quintile,1982,6.9,7.6
nonelderly_childless_hh,second_quintile,1983,6.8,7.5
nonelderly_childless_hh,second_quintile,1984,7.4,8.0
nonelderly_childless_hh,second_quintile,1985,7.0,7.6
nonelderly_childless_hh,second_quintile,1986,6.5,7.1
nonelderly_childless_hh,second_quintile,1987,6.8,7.6
nonelderly_childless_hh,second_quintile,1988,6.6,7.3
nonelderly_childless_hh,second_quintile,1989,7.0,7.8
nonelderly_childless_hh,second_quintile,1990,6.8,7.5
nonelderly_childless_hh,second_quintile,1991,7.0,7.8
nonelderly_childless_hh,second_quintile,1992,6.6,7.5
nonelderly_childless_hh,second_quintile,1993,6.5,7.5
nonelderly_childless_hh,second_quintile,1994,6.5,7.5
nonelderly_childless_hh,second_quintile,1995,6.7,7.8
nonelderly_childless_hh,second_quintile,1996,6.6,7.6
nonelderly_childless_hh,second_quintile,1997,6.4,7.4
nonelderly_childless_hh,second_quintile,1998,6.5,7.6
nonelderly_childless_hh,second_quintile,1999,6.4,7.5
nonelderly_childless_hh,second_quintile,2000,6.7,7.8
nonelderly_childless_hh,second_quintile,2001,6.6,7.8
nonelderly_childless_hh,second_quintile,2002,7.1,8.4
nonelderly_childless_hh,second_quintile,2003,6.7,8.0
nonelderly_childless_hh,second_quintile,2004,6.8,8.2
nonelderly_childless_hh,second_quintile,2005,6.7,8.0
nonelderly_childless_hh,second_quintile,2006,6.9,8.2
nonelderly_childless_hh,second_quintile,2007,7.1,8.4
nonelderly_childless_hh,second_quintile,2008,7.5,9.1
nonelderly_childless_hh,second_quintile,2009,7.8,9.5
nonelderly_childless_hh,second_quintile,2010,8.0,9.8
nonelderly_childless_hh,second_quintile,2011,8.0,9.8
nonelderly_childless_hh,second_quintile,2012,7.4,9.0
nonelderly_childless_hh,second_quintile,2013,7.8,9.6
nonelderly_childless_hh,second_quintile,2014,7.5,9.4
nonelderly_childless_hh,middle_quintile,1979,11.4,12.0
nonelderly_childless_hh,middle_quintile,1980,11.3,11.9
nonelderly_childless_hh,middle_quintile,1981,11.7,12.3
nonelderly_childless_hh,middle_quintile,1982,11.5,11.9
nonelderly_childless_hh,middle_quintile,1983,11.8,12.3
nonelderly_childless_hh,middle_quintile,1984,11.7,12.0
nonelderly_childless_hh,middle_quintile,1985,11.5,11.9
nonelderly_childless_hh,middle_quintile,1986,11.0,11.4
nonelderly_childless_hh,middle_quintile,1987,11.5,12.0
nonelderly_childless_hh,middle_quintile,1988,11.0,11.5
nonelderly_childless_hh,middle_quintile,1989,11.4,11.9
nonelderly_childless_hh,middle_quintile,1990,11.1,11.5
nonelderly_childless_hh,middle_quintile,1991,11.5,12.1
nonelderly_childless_hh,middle_quintile,1992,11.5,12.1
nonelderly_childless_hh,middle_quintile,1993,11.5,12.1
nonelderly_childless_hh,middle_quintile,1994,11.5,12.1
nonelderly_childless_hh,middle_quintile,1995,11.7,12.4
nonelderly_childless_hh,middle_quintile,1996,11.5,12.2
nonelderly_childless_hh,middle_quintile,1997,11.4,12.1
nonelderly_childless_hh,middle_quintile,1998,11.2,11.8
nonelderly_childless_hh,middle_quintile,1999,10.7,11.4
nonelderly_childless_hh,middle_quintile,2000,11.0,11.6
nonelderly_childless_hh,middle_quintile,2001,11.4,12.1
nonelderly_childless_hh,middle_quintile,2002,11.6,12.3
nonelderly_childless_hh,middle_quintile,2003,11.6,12.3
nonelderly_childless_hh,middle_quintile,2004,11.4,12.1
nonelderly_childless_hh,middle_quintile,2005,11.1,11.9
nonelderly_childless_hh,middle_quintile,2006,11.4,12.1
nonelderly_childless_hh,middle_quintile,2007,12.0,12.7
nonelderly_childless_hh,middle_quintile,2008,12.3,13.1
nonelderly_childless_hh,middle_quintile,2009,12.8,13.6
nonelderly_childless_hh,middle_quintile,2010,12.9,13.7
nonelderly_childless_hh,middle_quintile,2011,12.5,13.3
nonelderly_childless_hh,middle_quintile,2012,12.3,13.2
nonelderly_childless_hh,middle_quintile,2013,13.0,13.8
nonelderly_childless_hh,middle_quintile,2014,12.3,13.2
nonelderly_childless_hh,fourth_quintile,1979,20.9,21.2
nonelderly_childless_hh,fourth_quintile,1980,21.2,21.4
nonelderly_childless_hh,fourth_quintile,1981,20.6,20.7
nonelderly_childless_hh,fourth_quintile,1982,20.3,20.3
nonelderly_childless_hh,fourth_quintile,1983,20.8,20.8
nonelderly_childless_hh,fourth_quintile,1984,20.8,20.8
nonelderly_childless_hh,fourth_quintile,1985,20.3,20.2
nonelderly_childless_hh,fourth_quintile,1986,19.8,19.7
nonelderly_childless_hh,fourth_quintile,1987,20.7,21.0
nonelderly_childless_hh,fourth_quintile,1988,20.3,20.5
nonelderly_childless_hh,fourth_quintile,1989,20.4,20.6
nonelderly_childless_hh,fourth_quintile,1990,20.6,20.7
nonelderly_childless_hh,fourth_quintile,1991,20.5,20.7
nonelderly_childless_hh,fourth_quintile,1992,20.2,20.4
nonelderly_childless_hh,fourth_quintile,1993,20.6,20.9
nonelderly_childless_hh,fourth_quintile,1994,21.1,21.5
nonelderly_childless_hh,fourth_quintile,1995,20.9,21.2
nonelderly_childless_hh,fourth_quintile,1996,20.2,20.6
nonelderly_childless_hh,fourth_quintile,1997,19.5,19.9
nonelderly_childless_hh,fourth_quintile,1998,19.9,20.2
nonelderly_childless_hh,fourth_quintile,1999,19.6,20.0
nonelderly_childless_hh,fourth_quintile,2000,19.6,19.9
nonelderly_childless_hh,fourth_quintile,2001,20.6,20.9
nonelderly_childless_hh,fourth_quintile,2002,20.8,21.0
nonelderly_childless_hh,fourth_quintile,2003,20.4,20.5
nonelderly_childless_hh,fourth_quintile,2004,20.2,20.3
nonelderly_childless_hh,fourth_quintile,2005,19.4,19.6
nonelderly_childless_hh,fourth_quintile,2006,19.7,19.9
nonelderly_childless_hh,fourth_quintile,2007,19.5,19.6
nonelderly_childless_hh,fourth_quintile,2008,20.0,20.1
nonelderly_childless_hh,fourth_quintile,2009,20.5,20.5
nonelderly_childless_hh,fourth_quintile,2010,20.7,20.6
nonelderly_childless_hh,fourth_quintile,2011,20.5,20.5
nonelderly_childless_hh,fourth_quintile,2012,19.9,19.9
nonelderly_childless_hh,fourth_quintile,2013,20.3,20.3
nonelderly_childless_hh,fourth_quintile,2014,20.5,20.5
nonelderly_childless_hh,highest_quintile,1979,57.7,54.8
nonelderly_childless_hh,highest_quintile,1980,57.8,54.9
nonelderly_childless_hh,highest_quintile,1981,58.1,55.3
nonelderly_childless_hh,highest_quintile,1982,59.0,56.6
nonelderly_childless_hh,highest_quintile,1983,58.4,56.2
nonelderly_childless_hh,highest_quintile,1984,57.7,55.6
nonelderly_childless_hh,highest_quintile,1985,59.1,57.2
nonelderly_childless_hh,highest_quintile,1986,60.7,58.9
nonelderly_childless_hh,highest_quintile,1987,59.4,56.9
nonelderly_childless_hh,highest_quintile,1988,60.7,58.4
nonelderly_childless_hh,highest_quintile,1989,59.7,57.4
nonelderly_childless_hh,highest_quintile,1990,60.2,58.0
nonelderly_childless_hh,highest_quintile,1991,59.6,57.0
nonelderly_childless_hh,highest_quintile,1992,60.2,57.4
nonelderly_childless_hh,highest_quintile,1993,59.8,56.6
nonelderly_childless_hh,highest_quintile,1994,59.5,56.2
nonelderly_childless_hh,highest_quintile,1995,58.8,55.3
nonelderly_childless_hh,highest_quintile,1996,59.9,56.4
nonelderly_childless_hh,highest_quintile,1997,60.8,57.2
nonelderly_childless_hh,highest_quintile,1998,60.4,56.8
nonelderly_childless_hh,highest_quintile,1999,61.1,57.4
nonelderly_childless_hh,highest_quintile,2000,60.7,56.9
nonelderly_childless_hh,highest_quintile,2001,59.4,55.4
nonelderly_childless_hh,highest_quintile,2002,58.4,54.3
nonelderly_childless_hh,highest_quintile,2003,59.2,55.3
nonelderly_childless_hh,highest_quintile,2004,59.4,55.5
nonelderly_childless_hh,highest_quintile,2005,60.7,56.7
nonelderly_childless_hh,highest_quintile,2006,60.0,56.1
nonelderly_childless_hh,highest_quintile,2007,58.9,55.2
nonelderly_childless_hh,highest_quintile,2008,58.1,53.8
nonelderly_childless_hh,highest_quintile,2009,57.1,52.5
nonelderly_childless_hh,highest_quintile,2010,56.3,51.6
nonelderly_childless_hh,highest_quintile,2011,56.9,52.2
nonelderly_childless_hh,highest_quintile,2012,58.6,53.9
nonelderly_childless_hh,highest_quintile,2013,56.7,51.7
nonelderly_childless_hh,highest_quintile,2014,57.7,52.3
nonelderly_childless_hh,percentiles_81_90,1979,19.0,18.7
nonelderly_childless_hh,percentiles_81_90,1980,19.1,18.8
nonelderly_childless_hh,percentiles_81_90,1981,19.3,18.8
nonelderly_childless_hh,percentiles_81_90,1982,19.4,18.9
nonelderly_childless_hh,percentiles_81_90,1983,18.9,18.4
nonelderly_childless_hh,percentiles_81_90,1984,18.8,18.3
nonelderly_childless_hh,percentiles_81_90,1985,18.6,18.2
nonelderly_childless_hh,percentiles_81_90,1986,18.4,18.0
nonelderly_childless_hh,percentiles_81_90,1987,19.2,18.9
nonelderly_childless_hh,percentiles_81_90,1988,18.2,17.9
nonelderly_childless_hh,percentiles_81_90,1989,18.7,18.3
nonelderly_childless_hh,percentiles_81_90,1990,18.4,18.0
nonelderly_childless_hh,percentiles_81_90,1991,18.2,17.9
nonelderly_childless_hh,percentiles_81_90,1992,17.6,17.3
nonelderly_childless_hh,percentiles_81_90,1993,18.0,17.7
nonelderly_childless_hh,percentiles_81_90,1994,18.0,17.8
nonelderly_childless_hh,percentiles_81_90,1995,17.3,17.1
nonelderly_childless_hh,percentiles_81_90,1996,17.8,17.7
nonelderly_childless_hh,percentiles_81_90,1997,17.6,17.4
nonelderly_childless_hh,percentiles_81_90,1998,17.3,17.0
nonelderly_childless_hh,percentiles_81_90,1999,16.9,16.7
nonelderly_childless_hh,percentiles_81_90,2000,16.3,16.0
nonelderly_childless_hh,percentiles_81_90,2001,17.1,16.7
nonelderly_childless_hh,percentiles_81_90,2002,17.4,16.9
nonelderly_childless_hh,percentiles_81_90,2003,18.0,17.6
nonelderly_childless_hh,percentiles_81_90,2004,17.2,16.8
nonelderly_childless_hh,percentiles_81_90,2005,16.5,16.2
nonelderly_childless_hh,percentiles_81_90,2006,16.5,16.2
nonelderly_childless_hh,percentiles_81_90,2007,16.5,16.1
nonelderly_childless_hh,percentiles_81_90,2008,16.8,16.3
nonelderly_childless_hh,percentiles_81_90,2009,17.2,16.5
nonelderly_childless_hh,percentiles_81_90,2010,16.8,16.1
nonelderly_childless_hh,percentiles_81_90,2011,16.8,16.2
nonelderly_childless_hh,percentiles_81_90,2012,16.8,16.2
nonelderly_childless_hh,percentiles_81_90,2013,17.0,16.3
nonelderly_childless_hh,percentiles_81_90,2014,16.8,16.1
nonelderly_childless_hh,percentiles_91_95,1979,14.3,13.8
nonelderly_childless_hh,percentiles_91_95,1980,14.1,13.6
nonelderly_childless_hh,percentiles_91_95,1981,14.2,13.5
nonelderly_childless_hh,percentiles_91_95,1982,14.4,13.8
nonelderly_childless_hh,percentiles_91_95,1983,13.9,13.4
nonelderly_childless_hh,percentiles_91_95,1984,13.5,13.0
nonelderly_childless_hh,percentiles_91_95,1985,13.5,13.0
nonelderly_childless_hh,percentiles_91_95,1986,13.7,13.2
nonelderly_childless_hh,percentiles_91_95,1987,14.0,13.6
nonelderly_childless_hh,percentiles_91_95,1988,13.3,12.9
nonelderly_childless_hh,percentiles_91_95,1989,13.3,12.8
nonelderly_childless_hh,percentiles_91_95,1990,13.1,12.6
nonelderly_childless_hh,percentiles_91_95,1991,13.1,12.6
nonelderly_childless_hh,percentiles_91_95,1992,13.3,12.9
nonelderly_childless_hh,percentiles_91_95,1993,13.5,13.1
nonelderly_childless_hh,percentiles_91_95,1994,13.3,12.9
nonelderly_childless_hh,percentiles_91_95,1995,13.5,13.0
nonelderly_childless_hh,percentiles_91_95,1996,12.9,12.4
nonelderly_childless_hh,percentiles_91_95,1997,12.9,12.5
nonelderly_childless_hh,percentiles_91_95,1998,12.5,12.0
nonelderly_childless_hh,percentiles_91_95,1999,12.4,11.9
nonelderly_childless_hh,percentiles_91_95,2000,12.2,11.7
nonelderly_childless_hh,percentiles_91_95,2001,12.6,12.0
nonelderly_childless_hh,percentiles_91_95,2002,12.5,11.9
nonelderly_childless_hh,percentiles_91_95,2003,12.5,11.9
nonelderly_childless_hh,percentiles_91_95,2004,12.4,11.8
nonelderly_childless_hh,percentiles_91_95,2005,12.0,11.5
nonelderly_childless_hh,percentiles_91_95,2006,11.8,11.3
nonelderly_childless_hh,percentiles_91_95,2007,11.9,11.3
nonelderly_childless_hh,percentiles_91_95,2008,12.1,11.4
nonelderly_childless_hh,percentiles_91_95,2009,12.5,11.7
nonelderly_childless_hh,percentiles_91_95,2010,11.9,11.1
nonelderly_childless_hh,percentiles_91_95,2011,12.3,11.6
nonelderly_childless_hh,percentiles_91_95,2012,12.1,11.4
nonelderly_childless_hh,percentiles_91_95,2013,12.1,11.3
nonelderly_childless_hh,percentiles_91_95,2014,12.3,11.5
nonelderly_childless_hh,percentiles_96_99,1979,14.9,14.1
nonelderly_childless_hh,percentiles_96_99,1980,15.2,14.3
nonelderly_childless_hh,percentiles_96_99,1981,15.4,14.5
nonelderly_childless_hh,percentiles_96_99,1982,15.2,14.5
nonelderly_childless_hh,percentiles_96_99,1983,15.5,14.9
nonelderly_childless_hh,percentiles_96_99,1984,15.2,14.8
nonelderly_childless_hh,percentiles_96_99,1985,15.3,14.9
nonelderly_childless_hh,percentiles_96_99,1986,15.5,15.0
nonelderly_childless_hh,percentiles_96_99,1987,15.0,14.3
nonelderly_childless_hh,percentiles_96_99,1988,14.8,14.2
nonelderly_childless_hh,percentiles_96_99,1989,15.0,14.3
nonelderly_childless_hh,percentiles_96_99,1990,14.8,14.2
nonelderly_childless_hh,percentiles_96_99,1991,15.6,14.9
nonelderly_childless_hh,percentiles_96_99,1992,15.1,14.4
nonelderly_childless_hh,percentiles_96_99,1993,15.3,14.5
nonelderly_childless_hh,percentiles_96_99,1994,15.1,14.4
nonelderly_childless_hh,percentiles_96_99,1995,15.1,14.3
nonelderly_childless_hh,percentiles_96_99,1996,15.1,14.3
nonelderly_childless_hh,percentiles_96_99,1997,14.5,13.8
nonelderly_childless_hh,percentiles_96_99,1998,14.6,13.7
nonelderly_childless_hh,percentiles_96_99,1999,15.3,14.4
nonelderly_childless_hh,percentiles_96_99,2000,14.6,13.7
nonelderly_childless_hh,percentiles_96_99,2001,15.1,14.1
nonelderly_childless_hh,percentiles_96_99,2002,15.7,14.5
nonelderly_childless_hh,percentiles_96_99,2003,15.4,14.3
nonelderly_childless_hh,percentiles_96_99,2004,15.0,13.9
nonelderly_childless_hh,percentiles_96_99,2005,14.4,13.5
nonelderly_childless_hh,percentiles_96_99,2006,14.9,13.8
nonelderly_childless_hh,percentiles_96_99,2007,14.6,13.6
nonelderly_childless_hh,percentiles_96_99,2008,14.7,13.5
nonelderly_childless_hh,percentiles_96_99,2009,15.0,13.7
nonelderly_childless_hh,percentiles_96_99,2010,15.0,13.6
nonelderly_childless_hh,percentiles_96_99,2011,14.9,13.5
nonelderly_childless_hh,percentiles_96_99,2012,14.7,13.4
nonelderly_childless_hh,percentiles_96_99,2013,14.8,13.4
nonelderly_childless_hh,percentiles_96_99,2014,14.8,13.4
nonelderly_childless_hh,top_1_percent,1979,9.4,8.0
nonelderly_childless_hh,top_1_percent,1980,9.4,8.3
nonelderly_childless_hh,top_1_percent,1981,9.2,8.4
nonelderly_childless_hh,top_1_percent,1982,10.1,9.4
nonelderly_childless_hh,top_1_percent,1983,10.2,9.5
nonelderly_childless_hh,top_1_percent,1984,10.3,9.6
nonelderly_childless_hh,top_1_percent,1985,11.7,11.1
nonelderly_childless_hh,top_1_percent,1986,13.1,12.6
nonelderly_childless_hh,top_1_percent,1987,11.1,10.1
nonelderly_childless_hh,top_1_percent,1988,14.4,13.3
nonelderly_childless_hh,top_1_percent,1989,12.8,11.9
nonelderly_childless_hh,top_1_percent,1990,14.0,13.1
nonelderly_childless_hh,top_1_percent,1991,12.7,11.6
nonelderly_childless_hh,top_1_percent,1992,14.2,12.9
nonelderly_childless_hh,top_1_percent,1993,13.1,11.4
nonelderly_childless_hh,top_1_percent,1994,13.0,11.1
nonelderly_childless_hh,top_1_percent,1995,12.9,10.9
nonelderly_childless_hh,top_1_percent,1996,14.1,12.0
nonelderly_childless_hh,top_1_percent,1997,15.7,13.6
nonelderly_childless_hh,top_1_percent,1998,16.1,14.1
nonelderly_childless_hh,top_1_percent,1999,16.5,14.4
nonelderly_childless_hh,top_1_percent,2000,17.5,15.4
nonelderly_childless_hh,top_1_percent,2001,14.5,12.6
nonelderly_childless_hh,top_1_percent,2002,12.8,11.0
nonelderly_childless_hh,top_1_percent,2003,13.3,11.6
nonelderly_childless_hh,top_1_percent,2004,14.9,13.0
nonelderly_childless_hh,top_1_percent,2005,17.8,15.5
nonelderly_childless_hh,top_1_percent,2006,16.8,14.8
nonelderly_childless_hh,top_1_percent,2007,16.0,14.3
nonelderly_childless_hh,top_1_percent,2008,14.5,12.7
nonelderly_childless_hh,top_1_percent,2009,12.4,10.6
nonelderly_childless_hh,top_1_percent,2010,12.7,10.8
nonelderly_childless_hh,top_1_percent,2011,12.9,11.0
nonelderly_childless_hh,top_1_percent,2012,15.0,12.9
nonelderly_childless_hh,top_1_percent,2013,12.9,10.6
nonelderly_childless_hh,top_1_percent,2014,13.7,11.3
